order_item_id,order_id,product_id,quantity,unit_price
OI00001_01,O00001,P044,3,1099
OI00001_02,O00001,P048,2,5499
OI00001_03,O00001,P012,2,1799
OI00001_04,O00001,P040,3,18999
OI00002_01,O00002,P038,2,5499
OI00002_02,O00002,P039,2,16999
OI00002_03,O00002,P042,2,7999
OI00002_04,O00002,P021,3,4499
OI00003_01,O00003,P043,2,1499
OI00003_02,O00003,P006,3,1999
OI00004_01,O00004,P049,1,29999
OI00005_01,O00005,P010,1,17999
OI00005_02,O00005,P002,1,6999
OI00006_01,O00006,P030,2,14999
OI00007_01,O00007,P032,3,22999
OI00007_02,O00007,P026,3,6999
OI00007_03,O00007,P016,1,7499
OI00007_04,O00007,P010,1,17999
OI00008_01,O00008,P004,2,12999
OI00008_02,O00008,P036,1,1599
OI00008_03,O00008,P016,2,7499
OI00008_04,O00008,P008,3,3499
OI00009_01,O00009,P040,3,18999
OI00009_02,O00009,P047,2,7999
OI00009_03,O00009,P033,1,8999
OI00009_04,O00009,P028,3,15999
OI00010_01,O00010,P041,3,2499
OI00010_02,O00010,P018,2,19999
OI00011_01,O00011,P046,2,3499
OI00012_01,O00012,P009,1,11999
OI00013_01,O00013,P005,2,8999
OI00013_02,O00013,P027,2,10999
OI00014_01,O00014,P027,3,10999
OI00014_02,O00014,P025,3,1299
OI00015_01,O00015,P031,2,7999
OI00015_02,O00015,P001,2,4999
OI00015_03,O00015,P023,3,799
OI00015_04,O00015,P020,3,2499
OI00016_01,O00016,P032,2,22999
OI00016_02,O00016,P015,2,14999
OI00017_01,O00017,P047,3,7999
OI00017_02,O00017,P011,3,2999
OI00017_03,O00017,P030,1,14999
OI00017_04,O00017,P009,2,11999
OI00018_01,O00018,P042,2,7999
OI00019_01,O00019,P017,2,6499
OI00020_01,O00020,P049,2,29999
OI00020_02,O00020,P025,2,1299
OI00020_03,O00020,P018,1,19999
OI00021_01,O00021,P023,1,799
OI00022_01,O00022,P049,1,29999
OI00023_01,O00023,P016,2,7499
OI00023_02,O00023,P009,3,11999
OI00024_01,O00024,P045,1,18999
OI00024_02,O00024,P017,3,6499
OI00024_03,O00024,P050,3,899
OI00024_04,O00024,P024,3,699
OI00025_01,O00025,P020,3,2499
OI00025_02,O00025,P007,1,5999
OI00026_01,O00026,P026,3,6999
OI00026_02,O00026,P046,3,3499
OI00026_03,O00026,P013,3,21999
OI00026_04,O00026,P005,1,8999
OI00027_01,O00027,P037,1,1299
OI00028_01,O00028,P005,2,8999
OI00028_02,O00028,P033,1,8999
OI00028_03,O00028,P042,2,7999
OI00029_01,O00029,P041,1,2499
OI00029_02,O00029,P030,2,14999
OI00029_03,O00029,P046,1,3499
OI00030_01,O00030,P040,2,18999
OI00030_02,O00030,P035,2,999
OI00030_03,O00030,P050,2,899
OI00031_01,O00031,P006,2,1999
OI00031_02,O00031,P018,1,19999
OI00032_01,O00032,P022,1,10999
OI00032_02,O00032,P002,2,6999
OI00032_03,O00032,P032,1,22999
OI00032_04,O00032,P021,2,4499
OI00033_01,O00033,P036,1,1599
OI00033_02,O00033,P001,1,4999
OI00033_03,O00033,P034,1,13999
OI00034_01,O00034,P045,3,18999
OI00034_02,O00034,P031,3,7999
OI00035_01,O00035,P019,1,3999
OI00036_01,O00036,P031,2,7999
OI00036_02,O00036,P036,2,1599
OI00036_03,O00036,P034,3,13999
OI00037_01,O00037,P018,1,19999
OI00037_02,O00037,P020,3,2499
OI00037_03,O00037,P017,1,6499
OI00037_04,O00037,P015,2,14999
OI00038_01,O00038,P013,3,21999
OI00038_02,O00038,P014,2,8499
OI00039_01,O00039,P007,1,5999
OI00039_02,O00039,P013,2,21999
OI00039_03,O00039,P019,1,3999
OI00040_01,O00040,P018,1,19999
OI00040_02,O00040,P003,3,2499
OI00041_01,O00041,P007,2,5999
OI00041_02,O00041,P001,2,4999
OI00041_03,O00041,P037,2,1299
OI00041_04,O00041,P019,2,3999
OI00042_01,O00042,P008,1,3499
OI00042_02,O00042,P005,3,8999
OI00042_03,O00042,P026,3,6999
OI00042_04,O00042,P032,3,22999
OI00043_01,O00043,P006,3,1999
OI00043_02,O00043,P016,2,7499
OI00043_03,O00043,P008,3,3499
OI00044_01,O00044,P029,2,12999
OI00044_02,O00044,P020,3,2499
OI00044_03,O00044,P038,3,5499
OI00044_04,O00044,P028,1,15999
OI00045_01,O00045,P041,2,2499
OI00045_02,O00045,P014,3,8499
OI00046_01,O00046,P011,1,2999
OI00047_01,O00047,P019,2,3999
OI00047_02,O00047,P003,3,2499
OI00047_03,O00047,P015,2,14999
OI00047_04,O00047,P046,1,3499
OI00048_01,O00048,P028,3,15999
OI00048_02,O00048,P008,1,3499
OI00049_01,O00049,P005,1,8999
OI00049_02,O00049,P004,2,12999
OI00050_01,O00050,P029,3,12999
OI00050_02,O00050,P008,2,3499
OI00050_03,O00050,P030,3,14999
OI00051_01,O00051,P029,2,12999
OI00051_02,O00051,P006,3,1999
OI00051_03,O00051,P039,2,16999
OI00051_04,O00051,P003,3,2499
OI00052_01,O00052,P049,3,29999
OI00053_01,O00053,P031,3,7999
OI00053_02,O00053,P034,2,13999
OI00054_01,O00054,P041,2,2499
OI00054_02,O00054,P032,2,22999
OI00054_03,O00054,P006,2,1999
OI00054_04,O00054,P031,2,7999
OI00055_01,O00055,P027,2,10999
OI00055_02,O00055,P045,3,18999
OI00055_03,O00055,P032,2,22999
OI00056_01,O00056,P021,2,4499
OI00057_01,O00057,P033,2,8999
OI00057_02,O00057,P001,2,4999
OI00057_03,O00057,P043,1,1499
OI00057_04,O00057,P035,1,999
OI00058_01,O00058,P041,1,2499
OI00058_02,O00058,P029,2,12999
OI00058_03,O00058,P049,3,29999
OI00058_04,O00058,P004,1,12999
OI00059_01,O00059,P008,1,3499
OI00059_02,O00059,P002,3,6999
OI00059_03,O00059,P041,1,2499
OI00059_04,O00059,P039,2,16999
OI00060_01,O00060,P015,1,14999
OI00061_01,O00061,P032,2,22999
OI00061_02,O00061,P046,3,3499
OI00062_01,O00062,P031,1,7999
OI00062_02,O00062,P016,2,7499
OI00062_03,O00062,P030,1,14999
OI00062_04,O00062,P036,3,1599
OI00063_01,O00063,P018,2,19999
OI00064_01,O00064,P001,2,4999
OI00064_02,O00064,P019,3,3999
OI00064_03,O00064,P047,3,7999
OI00065_01,O00065,P035,3,999
OI00065_02,O00065,P031,3,7999
OI00065_03,O00065,P023,2,799
OI00065_04,O00065,P022,2,10999
OI00066_01,O00066,P037,1,1299
OI00066_02,O00066,P025,2,1299
OI00067_01,O00067,P025,2,1299
OI00067_02,O00067,P043,1,1499
OI00067_03,O00067,P042,1,7999
OI00067_04,O00067,P010,3,17999
OI00068_01,O00068,P007,3,5999
OI00068_02,O00068,P034,1,13999
OI00068_03,O00068,P030,2,14999
OI00068_04,O00068,P001,3,4999
OI00069_01,O00069,P022,2,10999
OI00069_02,O00069,P040,3,18999
OI00069_03,O00069,P045,1,18999
OI00070_01,O00070,P021,2,4499
OI00070_02,O00070,P041,3,2499
OI00070_03,O00070,P046,1,3499
OI00070_04,O00070,P049,3,29999
OI00071_01,O00071,P015,2,14999
OI00071_02,O00071,P048,1,5499
OI00071_03,O00071,P006,3,1999
OI00072_01,O00072,P045,1,18999
OI00072_02,O00072,P020,1,2499
OI00073_01,O00073,P024,1,699
OI00073_02,O00073,P028,3,15999
OI00073_03,O00073,P010,2,17999
OI00074_01,O00074,P012,3,1799
OI00074_02,O00074,P006,2,1999
OI00075_01,O00075,P015,3,14999
OI00075_02,O00075,P030,2,14999
OI00076_01,O00076,P019,1,3999
OI00076_02,O00076,P044,2,1099
OI00076_03,O00076,P035,2,999
OI00076_04,O00076,P011,3,2999
OI00077_01,O00077,P030,2,14999
OI00077_02,O00077,P020,2,2499
OI00077_03,O00077,P013,1,21999
OI00078_01,O00078,P045,3,18999
OI00078_02,O00078,P019,2,3999
OI00078_03,O00078,P002,2,6999
OI00079_01,O00079,P039,3,16999
OI00080_01,O00080,P050,2,899
OI00080_02,O00080,P015,1,14999
OI00080_03,O00080,P039,3,16999
OI00081_01,O00081,P041,3,2499
OI00081_02,O00081,P007,3,5999
OI00082_01,O00082,P038,2,5499
OI00083_01,O00083,P021,1,4499
OI00083_02,O00083,P048,1,5499
OI00083_03,O00083,P027,1,10999
OI00084_01,O00084,P011,2,2999
OI00084_02,O00084,P017,3,6499
OI00084_03,O00084,P031,2,7999
OI00085_01,O00085,P049,3,29999
OI00085_02,O00085,P015,3,14999
OI00086_01,O00086,P006,2,1999
OI00086_02,O00086,P026,3,6999
OI00086_03,O00086,P001,1,4999
OI00087_01,O00087,P038,2,5499
OI00087_02,O00087,P025,1,1299
OI00087_03,O00087,P041,3,2499
OI00088_01,O00088,P040,1,18999
OI00088_02,O00088,P015,3,14999
OI00088_03,O00088,P042,2,7999
OI00089_01,O00089,P009,1,11999
OI00090_01,O00090,P007,1,5999
OI00091_01,O00091,P043,3,1499
OI00091_02,O00091,P048,2,5499
OI00091_03,O00091,P045,3,18999
OI00092_01,O00092,P042,2,7999
OI00092_02,O00092,P007,2,5999
OI00092_03,O00092,P032,1,22999
OI00092_04,O00092,P040,3,18999
OI00093_01,O00093,P024,3,699
OI00093_02,O00093,P007,2,5999
OI00094_01,O00094,P004,1,12999
OI00094_02,O00094,P026,1,6999
OI00094_03,O00094,P018,2,19999
OI00095_01,O00095,P004,2,12999
OI00096_01,O00096,P005,3,8999
OI00096_02,O00096,P049,1,29999
OI00097_01,O00097,P022,1,10999
OI00097_02,O00097,P050,3,899
OI00098_01,O00098,P009,2,11999
OI00098_02,O00098,P035,1,999
OI00099_01,O00099,P001,1,4999
OI00099_02,O00099,P023,3,799
OI00100_01,O00100,P009,3,11999
OI00101_01,O00101,P031,2,7999
OI00102_01,O00102,P029,3,12999
OI00103_01,O00103,P030,1,14999
OI00103_02,O00103,P042,2,7999
OI00103_03,O00103,P002,2,6999
OI00104_01,O00104,P005,1,8999
OI00104_02,O00104,P006,1,1999
OI00104_03,O00104,P021,1,4499
OI00104_04,O00104,P039,2,16999
OI00105_01,O00105,P025,2,1299
OI00105_02,O00105,P039,2,16999
OI00105_03,O00105,P034,3,13999
OI00106_01,O00106,P042,3,7999
OI00107_01,O00107,P028,1,15999
OI00107_02,O00107,P029,2,12999
OI00108_01,O00108,P047,2,7999
OI00108_02,O00108,P007,3,5999
OI00108_03,O00108,P021,2,4499
OI00108_04,O00108,P028,2,15999
OI00109_01,O00109,P006,1,1999
OI00110_01,O00110,P009,3,11999
OI00110_02,O00110,P036,3,1599
OI00110_03,O00110,P004,3,12999
OI00111_01,O00111,P043,3,1499
OI00111_02,O00111,P049,1,29999
OI00111_03,O00111,P028,2,15999
OI00112_01,O00112,P010,2,17999
OI00112_02,O00112,P043,1,1499
OI00113_01,O00113,P008,3,3499
OI00113_02,O00113,P049,1,29999
OI00113_03,O00113,P018,2,19999
OI00114_01,O00114,P039,3,16999
OI00115_01,O00115,P045,2,18999
OI00115_02,O00115,P049,2,29999
OI00115_03,O00115,P020,1,2499
OI00116_01,O00116,P005,1,8999
OI00116_02,O00116,P010,1,17999
OI00116_03,O00116,P048,3,5499
OI00116_04,O00116,P041,3,2499
OI00117_01,O00117,P011,3,2999
OI00117_02,O00117,P024,2,699
OI00117_03,O00117,P020,3,2499
OI00118_01,O00118,P011,3,2999
OI00118_02,O00118,P049,1,29999
OI00119_01,O00119,P032,2,22999
OI00119_02,O00119,P039,1,16999
OI00119_03,O00119,P029,3,12999
OI00119_04,O00119,P027,1,10999
OI00120_01,O00120,P034,1,13999
OI00120_02,O00120,P043,2,1499
OI00120_03,O00120,P020,3,2499
OI00120_04,O00120,P003,1,2499
OI00121_01,O00121,P050,2,899
OI00121_02,O00121,P009,2,11999
OI00122_01,O00122,P012,3,1799
OI00122_02,O00122,P009,1,11999
OI00122_03,O00122,P025,3,1299
OI00122_04,O00122,P035,3,999
OI00123_01,O00123,P048,2,5499
OI00123_02,O00123,P003,1,2499
OI00123_03,O00123,P028,2,15999
OI00123_04,O00123,P002,3,6999
OI00124_01,O00124,P019,2,3999
OI00124_02,O00124,P008,1,3499
OI00124_03,O00124,P026,3,6999
OI00124_04,O00124,P002,2,6999
OI00125_01,O00125,P007,2,5999
OI00125_02,O00125,P016,3,7499
OI00125_03,O00125,P028,1,15999
OI00125_04,O00125,P038,2,5499
OI00126_01,O00126,P050,3,899
OI00126_02,O00126,P011,3,2999
OI00126_03,O00126,P005,1,8999
OI00127_01,O00127,P023,1,799
OI00127_02,O00127,P047,1,7999
OI00127_03,O00127,P042,1,7999
OI00128_01,O00128,P049,1,29999
OI00128_02,O00128,P042,1,7999
OI00129_01,O00129,P044,3,1099
OI00129_02,O00129,P037,2,1299
OI00129_03,O00129,P042,3,7999
OI00129_04,O00129,P041,2,2499
OI00130_01,O00130,P041,1,2499
OI00130_02,O00130,P020,2,2499
OI00130_03,O00130,P018,3,19999
OI00130_04,O00130,P038,1,5499
OI00131_01,O00131,P024,2,699
OI00132_01,O00132,P040,3,18999
OI00133_01,O00133,P029,3,12999
OI00134_01,O00134,P033,1,8999
OI00134_02,O00134,P010,2,17999
OI00134_03,O00134,P004,3,12999
OI00134_04,O00134,P029,1,12999
OI00135_01,O00135,P046,2,3499
OI00135_02,O00135,P029,3,12999
OI00136_01,O00136,P019,2,3999
OI00136_02,O00136,P025,3,1299
OI00136_03,O00136,P027,3,10999
OI00137_01,O00137,P005,3,8999
OI00137_02,O00137,P022,3,10999
OI00137_03,O00137,P007,2,5999
OI00138_01,O00138,P022,3,10999
OI00138_02,O00138,P006,3,1999
OI00139_01,O00139,P009,2,11999
OI00139_02,O00139,P039,3,16999
OI00139_03,O00139,P046,2,3499
OI00139_04,O00139,P006,3,1999
OI00140_01,O00140,P042,3,7999
OI00141_01,O00141,P020,2,2499
OI00141_02,O00141,P012,2,1799
OI00141_03,O00141,P014,1,8499
OI00142_01,O00142,P007,3,5999
OI00142_02,O00142,P033,3,8999
OI00142_03,O00142,P050,3,899
OI00143_01,O00143,P039,1,16999
OI00143_02,O00143,P025,1,1299
OI00144_01,O00144,P047,1,7999
OI00144_02,O00144,P029,2,12999
OI00145_01,O00145,P040,2,18999
OI00145_02,O00145,P019,1,3999
OI00145_03,O00145,P049,3,29999
OI00145_04,O00145,P048,1,5499
OI00146_01,O00146,P024,3,699
OI00146_02,O00146,P044,2,1099
OI00147_01,O00147,P033,1,8999
OI00147_02,O00147,P034,3,13999
OI00147_03,O00147,P027,1,10999
OI00147_04,O00147,P011,2,2999
OI00148_01,O00148,P036,3,1599
OI00148_02,O00148,P007,1,5999
OI00148_03,O00148,P046,2,3499
OI00149_01,O00149,P033,1,8999
OI00149_02,O00149,P010,2,17999
OI00149_03,O00149,P028,2,15999
OI00149_04,O00149,P006,1,1999
OI00150_01,O00150,P016,2,7499
OI00150_02,O00150,P025,1,1299
OI00150_03,O00150,P006,1,1999
OI00151_01,O00151,P010,2,17999
OI00151_02,O00151,P009,2,11999
OI00151_03,O00151,P003,3,2499
OI00152_01,O00152,P040,2,18999
OI00152_02,O00152,P001,1,4999
OI00152_03,O00152,P006,1,1999
OI00152_04,O00152,P002,3,6999
OI00153_01,O00153,P050,2,899
OI00154_01,O00154,P027,3,10999
OI00154_02,O00154,P041,2,2499
OI00155_01,O00155,P039,3,16999
OI00155_02,O00155,P035,3,999
OI00155_03,O00155,P002,1,6999
OI00155_04,O00155,P041,3,2499
OI00156_01,O00156,P016,1,7499
OI00156_02,O00156,P037,3,1299
OI00156_03,O00156,P027,3,10999
OI00157_01,O00157,P034,3,13999
OI00158_01,O00158,P025,2,1299
OI00159_01,O00159,P017,2,6499
OI00159_02,O00159,P048,1,5499
OI00159_03,O00159,P002,2,6999
OI00160_01,O00160,P050,3,899
OI00161_01,O00161,P023,3,799
OI00162_01,O00162,P045,1,18999
OI00162_02,O00162,P031,1,7999
OI00162_03,O00162,P041,3,2499
OI00162_04,O00162,P012,2,1799
OI00163_01,O00163,P003,2,2499
OI00163_02,O00163,P021,3,4499
OI00164_01,O00164,P003,1,2499
OI00164_02,O00164,P049,2,29999
OI00164_03,O00164,P042,2,7999
OI00165_01,O00165,P018,2,19999
OI00165_02,O00165,P008,2,3499
OI00165_03,O00165,P024,3,699
OI00166_01,O00166,P012,2,1799
OI00166_02,O00166,P032,2,22999
OI00166_03,O00166,P045,3,18999
OI00167_01,O00167,P006,3,1999
OI00167_02,O00167,P028,2,15999
OI00167_03,O00167,P039,2,16999
OI00167_04,O00167,P012,1,1799
OI00168_01,O00168,P029,2,12999
OI00168_02,O00168,P039,1,16999
OI00168_03,O00168,P046,3,3499
OI00169_01,O00169,P040,3,18999
OI00169_02,O00169,P028,1,15999
OI00169_03,O00169,P018,1,19999
OI00170_01,O00170,P002,3,6999
OI00170_02,O00170,P010,3,17999
OI00171_01,O00171,P050,2,899
OI00171_02,O00171,P042,2,7999
OI00172_01,O00172,P044,2,1099
OI00172_02,O00172,P029,2,12999
OI00173_01,O00173,P034,2,13999
OI00173_02,O00173,P024,2,699
OI00174_01,O00174,P002,3,6999
OI00175_01,O00175,P017,2,6499
OI00176_01,O00176,P045,1,18999
OI00176_02,O00176,P032,1,22999
OI00176_03,O00176,P013,1,21999
OI00177_01,O00177,P006,2,1999
OI00177_02,O00177,P044,3,1099
OI00177_03,O00177,P021,1,4499
OI00177_04,O00177,P043,3,1499
OI00178_01,O00178,P046,3,3499
OI00178_02,O00178,P045,1,18999
OI00179_01,O00179,P009,2,11999
OI00179_02,O00179,P016,1,7499
OI00180_01,O00180,P036,1,1599
OI00180_02,O00180,P009,2,11999
OI00180_03,O00180,P040,2,18999
OI00180_04,O00180,P006,3,1999
OI00181_01,O00181,P037,3,1299
OI00181_02,O00181,P005,1,8999
OI00181_03,O00181,P009,2,11999
OI00181_04,O00181,P021,2,4499
OI00182_01,O00182,P050,2,899
OI00182_02,O00182,P009,3,11999
OI00183_01,O00183,P020,1,2499
OI00183_02,O00183,P011,2,2999
OI00184_01,O00184,P006,3,1999
OI00184_02,O00184,P017,3,6499
OI00184_03,O00184,P013,2,21999
OI00185_01,O00185,P033,3,8999
OI00186_01,O00186,P011,3,2999
OI00186_02,O00186,P043,3,1499
OI00187_01,O00187,P002,1,6999
OI00188_01,O00188,P042,3,7999
OI00188_02,O00188,P014,2,8499
OI00188_03,O00188,P050,3,899
OI00189_01,O00189,P042,1,7999
OI00189_02,O00189,P020,3,2499
OI00189_03,O00189,P031,2,7999
OI00190_01,O00190,P011,2,2999
OI00191_01,O00191,P039,3,16999
OI00191_02,O00191,P010,2,17999
OI00191_03,O00191,P021,3,4499
OI00192_01,O00192,P033,2,8999
OI00192_02,O00192,P036,1,1599
OI00192_03,O00192,P007,2,5999
OI00193_01,O00193,P007,2,5999
OI00193_02,O00193,P004,2,12999
OI00194_01,O00194,P021,3,4499
OI00194_02,O00194,P037,2,1299
OI00195_01,O00195,P032,2,22999
OI00195_02,O00195,P020,3,2499
OI00195_03,O00195,P002,2,6999
OI00195_04,O00195,P006,1,1999
OI00196_01,O00196,P019,2,3999
OI00197_01,O00197,P019,2,3999
OI00197_02,O00197,P035,1,999
OI00197_03,O00197,P001,2,4999
OI00197_04,O00197,P007,3,5999
OI00198_01,O00198,P026,1,6999
OI00199_01,O00199,P005,2,8999
OI00199_02,O00199,P025,3,1299
OI00199_03,O00199,P033,2,8999
OI00200_01,O00200,P007,2,5999
OI00200_02,O00200,P026,2,6999
OI00201_01,O00201,P013,3,21999
OI00201_02,O00201,P039,2,16999
OI00202_01,O00202,P046,2,3499
OI00202_02,O00202,P022,3,10999
OI00203_01,O00203,P021,2,4499
OI00203_02,O00203,P040,1,18999
OI00204_01,O00204,P038,3,5499
OI00204_02,O00204,P022,3,10999
OI00204_03,O00204,P033,2,8999
OI00205_01,O00205,P024,2,699
OI00206_01,O00206,P047,1,7999
OI00206_02,O00206,P045,3,18999
OI00206_03,O00206,P041,2,2499
OI00207_01,O00207,P047,3,7999
OI00207_02,O00207,P004,2,12999
OI00208_01,O00208,P010,3,17999
OI00208_02,O00208,P044,3,1099
OI00208_03,O00208,P016,1,7499
OI00208_04,O00208,P003,1,2499
OI00209_01,O00209,P027,1,10999
OI00209_02,O00209,P045,2,18999
OI00210_01,O00210,P048,1,5499
OI00210_02,O00210,P047,3,7999
OI00210_03,O00210,P004,1,12999
OI00210_04,O00210,P046,3,3499
OI00211_01,O00211,P021,2,4499
OI00211_02,O00211,P012,3,1799
OI00211_03,O00211,P030,2,14999
OI00211_04,O00211,P035,3,999
OI00212_01,O00212,P040,1,18999
OI00212_02,O00212,P031,2,7999
OI00212_03,O00212,P013,3,21999
OI00213_01,O00213,P050,1,899
OI00213_02,O00213,P019,3,3999
OI00213_03,O00213,P046,3,3499
OI00214_01,O00214,P019,3,3999
OI00214_02,O00214,P008,3,3499
OI00214_03,O00214,P037,2,1299
OI00215_01,O00215,P019,2,3999
OI00215_02,O00215,P003,3,2499
OI00216_01,O00216,P048,1,5499
OI00216_02,O00216,P031,3,7999
OI00216_03,O00216,P014,2,8499
OI00217_01,O00217,P040,3,18999
OI00218_01,O00218,P041,1,2499
OI00218_02,O00218,P015,1,14999
OI00219_01,O00219,P044,1,1099
OI00220_01,O00220,P027,2,10999
OI00220_02,O00220,P042,2,7999
OI00221_01,O00221,P021,1,4499
OI00221_02,O00221,P019,1,3999
OI00221_03,O00221,P042,3,7999
OI00222_01,O00222,P012,2,1799
OI00223_01,O00223,P032,1,22999
OI00223_02,O00223,P012,1,1799
OI00223_03,O00223,P048,2,5499
OI00223_04,O00223,P019,3,3999
OI00224_01,O00224,P019,3,3999
OI00224_02,O00224,P030,3,14999
OI00224_03,O00224,P042,2,7999
OI00225_01,O00225,P013,1,21999
OI00225_02,O00225,P008,3,3499
OI00225_03,O00225,P022,2,10999
OI00226_01,O00226,P048,2,5499
OI00227_01,O00227,P012,3,1799
OI00227_02,O00227,P040,2,18999
OI00228_01,O00228,P043,2,1499
OI00228_02,O00228,P007,2,5999
OI00228_03,O00228,P012,1,1799
OI00228_04,O00228,P009,1,11999
OI00229_01,O00229,P022,3,10999
OI00229_02,O00229,P020,3,2499
OI00229_03,O00229,P038,1,5499
OI00230_01,O00230,P004,1,12999
OI00230_02,O00230,P043,2,1499
OI00231_01,O00231,P045,2,18999
OI00231_02,O00231,P008,2,3499
OI00231_03,O00231,P041,3,2499
OI00232_01,O00232,P010,2,17999
OI00232_02,O00232,P030,2,14999
OI00232_03,O00232,P048,3,5499
OI00232_04,O00232,P039,3,16999
OI00233_01,O00233,P049,3,29999
OI00233_02,O00233,P016,3,7499
OI00234_01,O00234,P005,1,8999
OI00234_02,O00234,P037,3,1299
OI00234_03,O00234,P008,3,3499
OI00235_01,O00235,P021,2,4499
OI00235_02,O00235,P034,1,13999
OI00236_01,O00236,P006,2,1999
OI00236_02,O00236,P033,1,8999
OI00236_03,O00236,P029,3,12999
OI00236_04,O00236,P004,2,12999
OI00237_01,O00237,P044,2,1099
OI00237_02,O00237,P020,2,2499
OI00237_03,O00237,P047,1,7999
OI00237_04,O00237,P002,3,6999
OI00238_01,O00238,P023,1,799
OI00238_02,O00238,P045,1,18999
OI00238_03,O00238,P005,2,8999
OI00238_04,O00238,P035,1,999
OI00239_01,O00239,P050,3,899
OI00239_02,O00239,P042,3,7999
OI00240_01,O00240,P029,3,12999
OI00240_02,O00240,P025,3,1299
OI00240_03,O00240,P006,1,1999
OI00240_04,O00240,P044,3,1099
OI00241_01,O00241,P034,1,13999
OI00241_02,O00241,P009,1,11999
OI00241_03,O00241,P047,2,7999
OI00241_04,O00241,P015,2,14999
OI00242_01,O00242,P015,1,14999
OI00242_02,O00242,P016,2,7499
OI00242_03,O00242,P030,1,14999
OI00242_04,O00242,P023,3,799
OI00243_01,O00243,P040,1,18999
OI00243_02,O00243,P050,1,899
OI00243_03,O00243,P002,1,6999
OI00243_04,O00243,P016,3,7499
OI00244_01,O00244,P016,3,7499
OI00245_01,O00245,P049,1,29999
OI00245_02,O00245,P050,1,899
OI00246_01,O00246,P037,3,1299
OI00246_02,O00246,P039,2,16999
OI00246_03,O00246,P050,1,899
OI00247_01,O00247,P027,2,10999
OI00247_02,O00247,P020,1,2499
OI00248_01,O00248,P041,2,2499
OI00248_02,O00248,P044,3,1099
OI00249_01,O00249,P034,2,13999
OI00249_02,O00249,P021,1,4499
OI00249_03,O00249,P045,2,18999
OI00249_04,O00249,P027,2,10999
OI00250_01,O00250,P015,3,14999
OI00250_02,O00250,P020,1,2499
OI00251_01,O00251,P027,2,10999
OI00251_02,O00251,P036,1,1599
OI00251_03,O00251,P034,2,13999
OI00251_04,O00251,P009,1,11999
OI00252_01,O00252,P024,1,699
OI00252_02,O00252,P006,1,1999
OI00252_03,O00252,P035,2,999
OI00252_04,O00252,P047,2,7999
OI00253_01,O00253,P013,3,21999
OI00254_01,O00254,P014,1,8499
OI00254_02,O00254,P022,1,10999
OI00254_03,O00254,P020,3,2499
OI00254_04,O00254,P001,1,4999
OI00255_01,O00255,P045,3,18999
OI00255_02,O00255,P039,1,16999
OI00256_01,O00256,P050,2,899
OI00256_02,O00256,P019,3,3999
OI00256_03,O00256,P025,3,1299
OI00257_01,O00257,P030,2,14999
OI00257_02,O00257,P007,1,5999
OI00257_03,O00257,P047,2,7999
OI00257_04,O00257,P031,2,7999
OI00258_01,O00258,P048,1,5499
OI00258_02,O00258,P010,2,17999
OI00259_01,O00259,P019,1,3999
OI00259_02,O00259,P010,2,17999
OI00259_03,O00259,P013,3,21999
OI00259_04,O00259,P022,1,10999
OI00260_01,O00260,P017,3,6499
OI00260_02,O00260,P049,3,29999
OI00260_03,O00260,P032,3,22999
OI00261_01,O00261,P011,3,2999
OI00261_02,O00261,P009,2,11999
OI00261_03,O00261,P047,1,7999
OI00262_01,O00262,P005,3,8999
OI00263_01,O00263,P041,1,2499
OI00263_02,O00263,P015,3,14999
OI00264_01,O00264,P024,3,699
OI00264_02,O00264,P004,3,12999
OI00264_03,O00264,P040,2,18999
OI00264_04,O00264,P041,3,2499
OI00265_01,O00265,P001,2,4999
OI00265_02,O00265,P002,3,6999
OI00265_03,O00265,P034,2,13999
OI00265_04,O00265,P047,1,7999
OI00266_01,O00266,P012,1,1799
OI00266_02,O00266,P007,1,5999
OI00266_03,O00266,P034,3,13999
OI00266_04,O00266,P010,3,17999
OI00267_01,O00267,P006,3,1999
OI00267_02,O00267,P024,1,699
OI00267_03,O00267,P026,3,6999
OI00267_04,O00267,P030,1,14999
OI00268_01,O00268,P042,3,7999
OI00269_01,O00269,P025,3,1299
OI00269_02,O00269,P036,1,1599
OI00269_03,O00269,P031,3,7999
OI00269_04,O00269,P004,1,12999
OI00270_01,O00270,P037,1,1299
OI00270_02,O00270,P007,1,5999
OI00270_03,O00270,P034,1,13999
OI00271_01,O00271,P003,2,2499
OI00271_02,O00271,P005,3,8999
OI00271_03,O00271,P044,3,1099
OI00272_01,O00272,P002,1,6999
OI00272_02,O00272,P014,3,8499
OI00272_03,O00272,P038,2,5499
OI00273_01,O00273,P037,3,1299
OI00273_02,O00273,P025,3,1299
OI00274_01,O00274,P045,1,18999
OI00274_02,O00274,P047,3,7999
OI00275_01,O00275,P015,3,14999
OI00275_02,O00275,P005,3,8999
OI00275_03,O00275,P022,2,10999
OI00275_04,O00275,P039,2,16999
OI00276_01,O00276,P032,2,22999
OI00276_02,O00276,P015,2,14999
OI00276_03,O00276,P023,1,799
OI00276_04,O00276,P036,3,1599
OI00277_01,O00277,P016,1,7499
OI00277_02,O00277,P046,2,3499
OI00277_03,O00277,P005,1,8999
OI00278_01,O00278,P048,2,5499
OI00278_02,O00278,P025,2,1299
OI00279_01,O00279,P029,2,12999
OI00279_02,O00279,P024,1,699
OI00279_03,O00279,P049,1,29999
OI00280_01,O00280,P007,3,5999
OI00280_02,O00280,P002,1,6999
OI00280_03,O00280,P006,3,1999
OI00280_04,O00280,P023,3,799
OI00281_01,O00281,P027,1,10999
OI00281_02,O00281,P025,3,1299
OI00281_03,O00281,P050,3,899
OI00282_01,O00282,P011,2,2999
OI00282_02,O00282,P009,2,11999
OI00282_03,O00282,P018,1,19999
OI00282_04,O00282,P020,1,2499
OI00283_01,O00283,P031,2,7999
OI00283_02,O00283,P005,1,8999
OI00283_03,O00283,P024,3,699
OI00284_01,O00284,P030,1,14999
OI00284_02,O00284,P007,2,5999
OI00285_01,O00285,P022,3,10999
OI00285_02,O00285,P029,1,12999
OI00285_03,O00285,P028,2,15999
OI00285_04,O00285,P042,2,7999
OI00286_01,O00286,P021,3,4499
OI00286_02,O00286,P012,3,1799
OI00286_03,O00286,P026,3,6999
OI00286_04,O00286,P019,2,3999
OI00287_01,O00287,P018,3,19999
OI00287_02,O00287,P026,1,6999
OI00287_03,O00287,P024,3,699
OI00287_04,O00287,P008,3,3499
OI00288_01,O00288,P047,2,7999
OI00289_01,O00289,P045,3,18999
OI00289_02,O00289,P005,2,8999
OI00289_03,O00289,P027,1,10999
OI00290_01,O00290,P046,2,3499
OI00290_02,O00290,P028,1,15999
OI00291_01,O00291,P035,3,999
OI00291_02,O00291,P033,1,8999
OI00291_03,O00291,P045,2,18999
OI00291_04,O00291,P027,3,10999
OI00292_01,O00292,P007,1,5999
OI00293_01,O00293,P037,3,1299
OI00294_01,O00294,P028,1,15999
OI00294_02,O00294,P007,2,5999
OI00294_03,O00294,P001,1,4999
OI00295_01,O00295,P029,2,12999
OI00295_02,O00295,P024,2,699
OI00296_01,O00296,P023,2,799
OI00296_02,O00296,P002,1,6999
OI00297_01,O00297,P008,3,3499
OI00298_01,O00298,P014,2,8499
OI00298_02,O00298,P034,1,13999
OI00298_03,O00298,P031,2,7999
OI00298_04,O00298,P023,3,799
OI00299_01,O00299,P003,1,2499
OI00299_02,O00299,P046,2,3499
OI00299_03,O00299,P008,3,3499
OI00300_01,O00300,P034,3,13999
OI00300_02,O00300,P012,1,1799
OI00301_01,O00301,P015,1,14999
OI00301_02,O00301,P026,3,6999
OI00301_03,O00301,P041,3,2499
OI00301_04,O00301,P012,2,1799
OI00302_01,O00302,P029,2,12999
OI00302_02,O00302,P038,2,5499
OI00303_01,O00303,P049,3,29999
OI00303_02,O00303,P046,1,3499
OI00303_03,O00303,P005,3,8999
OI00304_01,O00304,P008,3,3499
OI00304_02,O00304,P017,3,6499
OI00304_03,O00304,P043,2,1499
OI00304_04,O00304,P032,3,22999
OI00305_01,O00305,P023,2,799
OI00306_01,O00306,P040,3,18999
OI00306_02,O00306,P038,1,5499
OI00306_03,O00306,P006,2,1999
OI00307_01,O00307,P024,1,699
OI00307_02,O00307,P045,3,18999
OI00308_01,O00308,P028,3,15999
OI00308_02,O00308,P012,3,1799
OI00308_03,O00308,P032,3,22999
OI00308_04,O00308,P041,1,2499
OI00309_01,O00309,P012,2,1799
OI00309_02,O00309,P021,3,4499
OI00310_01,O00310,P032,1,22999
OI00311_01,O00311,P027,2,10999
OI00311_02,O00311,P044,2,1099
OI00311_03,O00311,P032,1,22999
OI00311_04,O00311,P046,1,3499
OI00312_01,O00312,P019,2,3999
OI00312_02,O00312,P003,1,2499
OI00313_01,O00313,P037,3,1299
OI00313_02,O00313,P048,3,5499
OI00313_03,O00313,P050,1,899
OI00313_04,O00313,P032,3,22999
OI00314_01,O00314,P035,3,999
OI00314_02,O00314,P049,2,29999
OI00314_03,O00314,P003,3,2499
OI00315_01,O00315,P020,2,2499
OI00315_02,O00315,P003,2,2499
OI00316_01,O00316,P008,3,3499
OI00316_02,O00316,P050,3,899
OI00316_03,O00316,P016,3,7499
OI00316_04,O00316,P014,2,8499
OI00317_01,O00317,P040,1,18999
OI00317_02,O00317,P009,1,11999
OI00318_01,O00318,P039,2,16999
OI00318_02,O00318,P035,3,999
OI00318_03,O00318,P011,2,2999
OI00319_01,O00319,P009,2,11999
OI00320_01,O00320,P045,1,18999
OI00320_02,O00320,P009,1,11999
OI00321_01,O00321,P032,2,22999
OI00321_02,O00321,P010,3,17999
OI00321_03,O00321,P037,2,1299
OI00321_04,O00321,P041,2,2499
OI00322_01,O00322,P026,3,6999
OI00323_01,O00323,P030,3,14999
OI00323_02,O00323,P032,1,22999
OI00323_03,O00323,P021,3,4499
OI00324_01,O00324,P005,1,8999
OI00324_02,O00324,P035,2,999
OI00324_03,O00324,P026,1,6999
OI00325_01,O00325,P022,1,10999
OI00325_02,O00325,P036,3,1599
OI00325_03,O00325,P037,2,1299
OI00326_01,O00326,P003,1,2499
OI00327_01,O00327,P008,1,3499
OI00328_01,O00328,P013,2,21999
OI00328_02,O00328,P045,1,18999
OI00328_03,O00328,P009,2,11999
OI00328_04,O00328,P042,1,7999
OI00329_01,O00329,P043,1,1499
OI00329_02,O00329,P042,2,7999
OI00329_03,O00329,P011,3,2999
OI00330_01,O00330,P028,1,15999
OI00330_02,O00330,P042,3,7999
OI00331_01,O00331,P009,3,11999
OI00332_01,O00332,P001,3,4999
OI00333_01,O00333,P045,1,18999
OI00333_02,O00333,P009,2,11999
OI00333_03,O00333,P031,1,7999
OI00333_04,O00333,P005,3,8999
OI00334_01,O00334,P009,1,11999
OI00334_02,O00334,P025,3,1299
OI00334_03,O00334,P050,3,899
OI00335_01,O00335,P040,3,18999
OI00336_01,O00336,P041,1,2499
OI00336_02,O00336,P048,2,5499
OI00337_01,O00337,P006,1,1999
OI00337_02,O00337,P007,1,5999
OI00338_01,O00338,P021,3,4499
OI00338_02,O00338,P009,1,11999
OI00338_03,O00338,P016,1,7499
OI00338_04,O00338,P018,3,19999
OI00339_01,O00339,P050,3,899
OI00339_02,O00339,P045,2,18999
OI00339_03,O00339,P002,1,6999
OI00340_01,O00340,P019,2,3999
OI00340_02,O00340,P042,2,7999
OI00340_03,O00340,P004,1,12999
OI00340_04,O00340,P016,1,7499
OI00341_01,O00341,P024,2,699
OI00342_01,O00342,P024,2,699
OI00342_02,O00342,P035,1,999
OI00342_03,O00342,P044,1,1099
OI00342_04,O00342,P012,3,1799
OI00343_01,O00343,P004,2,12999
OI00344_01,O00344,P028,3,15999
OI00344_02,O00344,P045,3,18999
OI00344_03,O00344,P026,3,6999
OI00344_04,O00344,P006,3,1999
OI00345_01,O00345,P033,1,8999
OI00346_01,O00346,P020,3,2499
OI00347_01,O00347,P004,1,12999
OI00347_02,O00347,P016,2,7499
OI00348_01,O00348,P020,3,2499
OI00349_01,O00349,P001,3,4999
OI00350_01,O00350,P023,1,799
OI00350_02,O00350,P034,2,13999
OI00350_03,O00350,P047,1,7999
OI00350_04,O00350,P017,3,6499
OI00351_01,O00351,P050,1,899
OI00352_01,O00352,P017,3,6499
OI00353_01,O00353,P033,3,8999
OI00353_02,O00353,P024,1,699
OI00353_03,O00353,P004,2,12999
OI00353_04,O00353,P032,1,22999
OI00354_01,O00354,P015,3,14999
OI00355_01,O00355,P016,1,7499
OI00356_01,O00356,P012,3,1799
OI00356_02,O00356,P003,3,2499
OI00357_01,O00357,P016,2,7499
OI00357_02,O00357,P027,2,10999
OI00357_03,O00357,P047,1,7999
OI00358_01,O00358,P012,1,1799
OI00359_01,O00359,P030,2,14999
OI00360_01,O00360,P036,2,1599
OI00361_01,O00361,P048,2,5499
OI00361_02,O00361,P040,2,18999
OI00361_03,O00361,P016,3,7499
OI00362_01,O00362,P010,2,17999
OI00362_02,O00362,P001,1,4999
OI00363_01,O00363,P022,1,10999
OI00364_01,O00364,P007,1,5999
OI00364_02,O00364,P014,2,8499
OI00364_03,O00364,P034,2,13999
OI00365_01,O00365,P003,1,2499
OI00366_01,O00366,P030,3,14999
OI00366_02,O00366,P048,1,5499
OI00366_03,O00366,P006,3,1999
OI00367_01,O00367,P038,3,5499
OI00368_01,O00368,P016,2,7499
OI00368_02,O00368,P019,2,3999
OI00369_01,O00369,P021,1,4499
OI00369_02,O00369,P029,1,12999
OI00369_03,O00369,P018,1,19999
OI00370_01,O00370,P010,1,17999
OI00371_01,O00371,P008,1,3499
OI00371_02,O00371,P035,2,999
OI00371_03,O00371,P023,2,799
OI00371_04,O00371,P050,2,899
OI00372_01,O00372,P044,3,1099
OI00372_02,O00372,P020,3,2499
OI00373_01,O00373,P010,1,17999
OI00373_02,O00373,P006,2,1999
OI00373_03,O00373,P046,2,3499
OI00374_01,O00374,P012,2,1799
OI00374_02,O00374,P002,3,6999
OI00374_03,O00374,P026,3,6999
OI00375_01,O00375,P009,1,11999
OI00376_01,O00376,P009,2,11999
OI00376_02,O00376,P013,2,21999
OI00377_01,O00377,P038,3,5499
OI00378_01,O00378,P005,1,8999
OI00379_01,O00379,P022,1,10999
OI00380_01,O00380,P037,3,1299
OI00380_02,O00380,P028,2,15999
OI00381_01,O00381,P012,2,1799
OI00381_02,O00381,P023,2,799
OI00381_03,O00381,P014,1,8499
OI00381_04,O00381,P018,1,19999
OI00382_01,O00382,P032,2,22999
OI00382_02,O00382,P027,1,10999
OI00382_03,O00382,P036,1,1599
OI00383_01,O00383,P042,1,7999
OI00383_02,O00383,P034,3,13999
OI00384_01,O00384,P046,2,3499
OI00384_02,O00384,P023,2,799
OI00384_03,O00384,P031,3,7999
OI00384_04,O00384,P035,3,999
OI00385_01,O00385,P021,3,4499
OI00386_01,O00386,P004,2,12999
OI00386_02,O00386,P031,3,7999
OI00386_03,O00386,P034,1,13999
OI00387_01,O00387,P018,3,19999
OI00387_02,O00387,P035,1,999
OI00388_01,O00388,P023,2,799
OI00388_02,O00388,P012,3,1799
OI00388_03,O00388,P016,3,7499
OI00388_04,O00388,P038,2,5499
OI00389_01,O00389,P037,2,1299
OI00389_02,O00389,P010,3,17999
OI00389_03,O00389,P013,2,21999
OI00390_01,O00390,P015,3,14999
OI00391_01,O00391,P022,3,10999
OI00392_01,O00392,P021,1,4499
OI00392_02,O00392,P004,1,12999
OI00393_01,O00393,P034,2,13999
OI00394_01,O00394,P038,2,5499
OI00394_02,O00394,P007,1,5999
OI00394_03,O00394,P022,1,10999
OI00394_04,O00394,P020,3,2499
OI00395_01,O00395,P042,3,7999
OI00395_02,O00395,P021,3,4499
OI00395_03,O00395,P012,3,1799
OI00395_04,O00395,P046,2,3499
OI00396_01,O00396,P025,3,1299
OI00396_02,O00396,P020,3,2499
OI00397_01,O00397,P045,3,18999
OI00398_01,O00398,P012,3,1799
OI00399_01,O00399,P041,1,2499
OI00399_02,O00399,P037,2,1299
OI00400_01,O00400,P023,1,799
OI00400_02,O00400,P021,3,4499
OI00401_01,O00401,P029,1,12999
OI00401_02,O00401,P001,1,4999
OI00401_03,O00401,P017,3,6499
OI00402_01,O00402,P047,1,7999
OI00403_01,O00403,P011,2,2999
OI00403_02,O00403,P027,3,10999
OI00403_03,O00403,P032,2,22999
OI00403_04,O00403,P025,1,1299
OI00404_01,O00404,P011,1,2999
OI00404_02,O00404,P029,1,12999
OI00405_01,O00405,P005,2,8999
OI00406_01,O00406,P036,1,1599
OI00407_01,O00407,P046,1,3499
OI00407_02,O00407,P002,3,6999
OI00407_03,O00407,P028,2,15999
OI00407_04,O00407,P042,1,7999
OI00408_01,O00408,P027,3,10999
OI00408_02,O00408,P045,3,18999
OI00409_01,O00409,P020,1,2499
OI00409_02,O00409,P016,2,7499
OI00409_03,O00409,P007,3,5999
OI00410_01,O00410,P024,1,699
OI00411_01,O00411,P013,1,21999
OI00411_02,O00411,P007,3,5999
OI00411_03,O00411,P002,2,6999
OI00411_04,O00411,P014,1,8499
OI00412_01,O00412,P031,1,7999
OI00412_02,O00412,P032,3,22999
OI00412_03,O00412,P043,3,1499
OI00412_04,O00412,P017,2,6499
OI00413_01,O00413,P012,2,1799
OI00413_02,O00413,P029,2,12999
OI00413_03,O00413,P003,2,2499
OI00414_01,O00414,P010,3,17999
OI00415_01,O00415,P035,3,999
OI00415_02,O00415,P027,1,10999
OI00415_03,O00415,P049,3,29999
OI00416_01,O00416,P035,1,999
OI00416_02,O00416,P044,2,1099
OI00416_03,O00416,P031,2,7999
OI00416_04,O00416,P037,1,1299
OI00417_01,O00417,P033,3,8999
OI00418_01,O00418,P008,2,3499
OI00418_02,O00418,P049,1,29999
OI00419_01,O00419,P003,1,2499
OI00419_02,O00419,P028,3,15999
OI00420_01,O00420,P039,2,16999
OI00420_02,O00420,P017,3,6499
OI00421_01,O00421,P036,2,1599
OI00421_02,O00421,P021,1,4499
OI00421_03,O00421,P018,3,19999
OI00421_04,O00421,P034,3,13999
OI00422_01,O00422,P027,1,10999
OI00423_01,O00423,P007,3,5999
OI00424_01,O00424,P027,3,10999
OI00424_02,O00424,P017,2,6499
OI00424_03,O00424,P025,3,1299
OI00425_01,O00425,P026,3,6999
OI00425_02,O00425,P010,3,17999
OI00425_03,O00425,P040,3,18999
OI00426_01,O00426,P045,3,18999
OI00426_02,O00426,P016,2,7499
OI00426_03,O00426,P004,2,12999
OI00427_01,O00427,P020,3,2499
OI00427_02,O00427,P018,3,19999
OI00427_03,O00427,P032,1,22999
OI00428_01,O00428,P050,2,899
OI00428_02,O00428,P021,3,4499
OI00428_03,O00428,P018,3,19999
OI00428_04,O00428,P047,1,7999
OI00429_01,O00429,P048,2,5499
OI00429_02,O00429,P032,1,22999
OI00429_03,O00429,P049,3,29999
OI00429_04,O00429,P034,1,13999
OI00430_01,O00430,P009,1,11999
OI00430_02,O00430,P050,1,899
OI00430_03,O00430,P034,1,13999
OI00430_04,O00430,P037,1,1299
OI00431_01,O00431,P024,3,699
OI00432_01,O00432,P033,3,8999
OI00432_02,O00432,P026,1,6999
OI00432_03,O00432,P041,1,2499
OI00432_04,O00432,P008,2,3499
OI00433_01,O00433,P038,2,5499
OI00433_02,O00433,P036,3,1599
OI00433_03,O00433,P023,3,799
OI00433_04,O00433,P011,1,2999
OI00434_01,O00434,P037,1,1299
OI00434_02,O00434,P050,1,899
OI00435_01,O00435,P042,1,7999
OI00435_02,O00435,P027,3,10999
OI00435_03,O00435,P033,1,8999
OI00436_01,O00436,P039,1,16999
OI00436_02,O00436,P001,2,4999
OI00437_01,O00437,P028,2,15999
OI00437_02,O00437,P025,2,1299
OI00437_03,O00437,P023,1,799
OI00438_01,O00438,P038,3,5499
OI00438_02,O00438,P007,2,5999
OI00438_03,O00438,P001,3,4999
OI00438_04,O00438,P033,3,8999
OI00439_01,O00439,P031,1,7999
OI00440_01,O00440,P017,3,6499
OI00440_02,O00440,P042,2,7999
OI00440_03,O00440,P046,1,3499
OI00441_01,O00441,P039,2,16999
OI00442_01,O00442,P042,2,7999
OI00443_01,O00443,P025,3,1299
OI00443_02,O00443,P048,3,5499
OI00443_03,O00443,P003,1,2499
OI00443_04,O00443,P038,2,5499
OI00444_01,O00444,P043,1,1499
OI00444_02,O00444,P023,3,799
OI00444_03,O00444,P033,3,8999
OI00444_04,O00444,P020,1,2499
OI00445_01,O00445,P047,1,7999
OI00445_02,O00445,P036,3,1599
OI00445_03,O00445,P049,2,29999
OI00446_01,O00446,P048,2,5499
OI00446_02,O00446,P020,2,2499
OI00447_01,O00447,P008,3,3499
OI00447_02,O00447,P031,3,7999
OI00447_03,O00447,P004,3,12999
OI00447_04,O00447,P041,1,2499
OI00448_01,O00448,P044,2,1099
OI00449_01,O00449,P009,2,11999
OI00449_02,O00449,P013,2,21999
OI00450_01,O00450,P010,1,17999
OI00450_02,O00450,P021,2,4499
OI00450_03,O00450,P046,2,3499
OI00450_04,O00450,P012,3,1799
OI00451_01,O00451,P029,2,12999
OI00452_01,O00452,P032,1,22999
OI00452_02,O00452,P049,1,29999
OI00453_01,O00453,P028,1,15999
OI00453_02,O00453,P031,3,7999
OI00453_03,O00453,P025,1,1299
OI00453_04,O00453,P001,3,4999
OI00454_01,O00454,P002,1,6999
OI00454_02,O00454,P044,3,1099
OI00455_01,O00455,P020,2,2499
OI00455_02,O00455,P009,3,11999
OI00455_03,O00455,P007,3,5999
OI00456_01,O00456,P020,2,2499
OI00457_01,O00457,P028,2,15999
OI00457_02,O00457,P044,2,1099
OI00457_03,O00457,P009,2,11999
OI00458_01,O00458,P002,1,6999
OI00458_02,O00458,P015,3,14999
OI00458_03,O00458,P047,1,7999
OI00458_04,O00458,P009,3,11999
OI00459_01,O00459,P025,3,1299
OI00460_01,O00460,P039,1,16999
OI00461_01,O00461,P004,3,12999
OI00462_01,O00462,P036,2,1599
OI00463_01,O00463,P020,2,2499
OI00464_01,O00464,P040,1,18999
OI00464_02,O00464,P039,2,16999
OI00464_03,O00464,P045,1,18999
OI00465_01,O00465,P008,1,3499
OI00465_02,O00465,P007,3,5999
OI00465_03,O00465,P032,1,22999
OI00466_01,O00466,P023,2,799
OI00466_02,O00466,P046,2,3499
OI00467_01,O00467,P045,2,18999
OI00467_02,O00467,P031,1,7999
OI00468_01,O00468,P037,3,1299
OI00469_01,O00469,P047,3,7999
OI00470_01,O00470,P030,2,14999
OI00470_02,O00470,P019,2,3999
OI00471_01,O00471,P019,2,3999
OI00472_01,O00472,P007,1,5999
OI00473_01,O00473,P022,2,10999
OI00473_02,O00473,P023,3,799
OI00474_01,O00474,P022,2,10999
OI00474_02,O00474,P012,2,1799
OI00474_03,O00474,P008,2,3499
OI00475_01,O00475,P027,1,10999
OI00475_02,O00475,P042,3,7999
OI00475_03,O00475,P011,3,2999
OI00475_04,O00475,P008,1,3499
OI00476_01,O00476,P037,3,1299
OI00476_02,O00476,P044,2,1099
OI00476_03,O00476,P029,2,12999
OI00476_04,O00476,P012,3,1799
OI00477_01,O00477,P031,1,7999
OI00477_02,O00477,P032,2,22999
OI00478_01,O00478,P001,3,4999
OI00478_02,O00478,P046,3,3499
OI00478_03,O00478,P044,3,1099
OI00479_01,O00479,P034,1,13999
OI00479_02,O00479,P045,2,18999
OI00479_03,O00479,P040,3,18999
OI00480_01,O00480,P010,1,17999
OI00480_02,O00480,P036,3,1599
OI00480_03,O00480,P040,1,18999
OI00480_04,O00480,P004,3,12999
OI00481_01,O00481,P005,2,8999
OI00481_02,O00481,P049,2,29999
OI00482_01,O00482,P033,1,8999
OI00483_01,O00483,P006,2,1999
OI00483_02,O00483,P030,3,14999
OI00484_01,O00484,P021,3,4499
OI00484_02,O00484,P008,1,3499
OI00484_03,O00484,P032,1,22999
OI00484_04,O00484,P048,2,5499
OI00485_01,O00485,P006,3,1999
OI00486_01,O00486,P042,2,7999
OI00486_02,O00486,P043,2,1499
OI00487_01,O00487,P030,3,14999
OI00487_02,O00487,P022,3,10999
OI00488_01,O00488,P046,1,3499
OI00488_02,O00488,P029,3,12999
OI00488_03,O00488,P008,1,3499
OI00489_01,O00489,P036,3,1599
OI00489_02,O00489,P034,1,13999
OI00489_03,O00489,P024,1,699
OI00490_01,O00490,P007,1,5999
OI00490_02,O00490,P017,1,6499
OI00490_03,O00490,P040,2,18999
OI00490_04,O00490,P013,1,21999
OI00491_01,O00491,P007,1,5999
OI00491_02,O00491,P049,3,29999
OI00491_03,O00491,P027,3,10999
OI00492_01,O00492,P030,1,14999
OI00492_02,O00492,P043,2,1499
OI00492_03,O00492,P038,1,5499
OI00492_04,O00492,P033,3,8999
OI00493_01,O00493,P038,1,5499
OI00493_02,O00493,P031,3,7999
OI00493_03,O00493,P033,3,8999
OI00493_04,O00493,P050,1,899
OI00494_01,O00494,P043,2,1499
OI00494_02,O00494,P039,2,16999
OI00494_03,O00494,P021,3,4499
OI00494_04,O00494,P033,3,8999
OI00495_01,O00495,P019,1,3999
OI00495_02,O00495,P029,2,12999
OI00495_03,O00495,P009,3,11999
OI00496_01,O00496,P045,3,18999
OI00496_02,O00496,P036,3,1599
OI00496_03,O00496,P021,3,4499
OI00497_01,O00497,P044,3,1099
OI00497_02,O00497,P023,3,799
OI00497_03,O00497,P009,1,11999
OI00498_01,O00498,P046,2,3499
OI00498_02,O00498,P008,3,3499
OI00498_03,O00498,P049,2,29999
OI00499_01,O00499,P044,2,1099
OI00499_02,O00499,P048,1,5499
OI00499_03,O00499,P035,3,999
OI00499_04,O00499,P019,1,3999
OI00500_01,O00500,P013,2,21999
OI00501_01,O00501,P044,1,1099
OI00501_02,O00501,P017,3,6499
OI00501_03,O00501,P010,2,17999
OI00502_01,O00502,P029,3,12999
OI00502_02,O00502,P007,3,5999
OI00502_03,O00502,P040,3,18999
OI00503_01,O00503,P016,3,7499
OI00503_02,O00503,P033,3,8999
OI00503_03,O00503,P045,1,18999
OI00503_04,O00503,P019,2,3999
OI00504_01,O00504,P036,3,1599
OI00504_02,O00504,P004,2,12999
OI00504_03,O00504,P001,1,4999
OI00505_01,O00505,P015,2,14999
OI00505_02,O00505,P041,3,2499
OI00505_03,O00505,P046,3,3499
OI00505_04,O00505,P042,3,7999
OI00506_01,O00506,P019,1,3999
OI00506_02,O00506,P029,3,12999
OI00507_01,O00507,P025,1,1299
OI00508_01,O00508,P011,2,2999
OI00508_02,O00508,P038,1,5499
OI00509_01,O00509,P003,2,2499
OI00509_02,O00509,P010,3,17999
OI00510_01,O00510,P032,2,22999
OI00510_02,O00510,P037,1,1299
OI00510_03,O00510,P036,3,1599
OI00511_01,O00511,P034,3,13999
OI00511_02,O00511,P005,1,8999
OI00512_01,O00512,P023,1,799
OI00513_01,O00513,P019,3,3999
OI00513_02,O00513,P014,3,8499
OI00513_03,O00513,P049,2,29999
OI00514_01,O00514,P008,3,3499
OI00515_01,O00515,P003,2,2499
OI00515_02,O00515,P044,2,1099
OI00516_01,O00516,P002,2,6999
OI00516_02,O00516,P034,3,13999
OI00516_03,O00516,P050,3,899
OI00517_01,O00517,P021,1,4499
OI00517_02,O00517,P033,1,8999
OI00518_01,O00518,P041,1,2499
OI00519_01,O00519,P044,1,1099
OI00519_02,O00519,P028,1,15999
OI00520_01,O00520,P042,1,7999
OI00520_02,O00520,P005,1,8999
OI00520_03,O00520,P048,2,5499
OI00520_04,O00520,P044,3,1099
OI00521_01,O00521,P012,2,1799
OI00522_01,O00522,P017,2,6499
OI00522_02,O00522,P027,2,10999
OI00523_01,O00523,P025,3,1299
OI00524_01,O00524,P049,3,29999
OI00525_01,O00525,P023,3,799
OI00526_01,O00526,P039,2,16999
OI00526_02,O00526,P006,2,1999
OI00526_03,O00526,P019,2,3999
OI00527_01,O00527,P009,2,11999
OI00527_02,O00527,P048,3,5499
OI00528_01,O00528,P001,1,4999
OI00528_02,O00528,P036,1,1599
OI00528_03,O00528,P010,1,17999
OI00529_01,O00529,P020,1,2499
OI00530_01,O00530,P014,3,8499
OI00530_02,O00530,P027,1,10999
OI00530_03,O00530,P042,1,7999
OI00531_01,O00531,P013,3,21999
OI00531_02,O00531,P008,3,3499
OI00531_03,O00531,P012,1,1799
OI00532_01,O00532,P042,3,7999
OI00532_02,O00532,P036,1,1599
OI00532_03,O00532,P005,2,8999
OI00532_04,O00532,P019,1,3999
OI00533_01,O00533,P023,3,799
OI00533_02,O00533,P009,1,11999
OI00533_03,O00533,P043,1,1499
OI00534_01,O00534,P021,2,4499
OI00534_02,O00534,P032,2,22999
OI00535_01,O00535,P037,2,1299
OI00535_02,O00535,P024,2,699
OI00536_01,O00536,P046,3,3499
OI00536_02,O00536,P048,2,5499
OI00537_01,O00537,P031,2,7999
OI00537_02,O00537,P030,2,14999
OI00537_03,O00537,P029,2,12999
OI00538_01,O00538,P018,1,19999
OI00539_01,O00539,P047,1,7999
OI00540_01,O00540,P038,3,5499
OI00541_01,O00541,P036,2,1599
OI00542_01,O00542,P042,2,7999
OI00542_02,O00542,P050,1,899
OI00542_03,O00542,P010,3,17999
OI00542_04,O00542,P024,3,699
OI00543_01,O00543,P026,2,6999
OI00544_01,O00544,P049,1,29999
OI00544_02,O00544,P033,2,8999
OI00545_01,O00545,P048,2,5499
OI00545_02,O00545,P047,2,7999
OI00546_01,O00546,P005,2,8999
OI00546_02,O00546,P017,1,6499
OI00547_01,O00547,P025,1,1299
OI00547_02,O00547,P031,1,7999
OI00547_03,O00547,P030,3,14999
OI00548_01,O00548,P048,3,5499
OI00548_02,O00548,P017,3,6499
OI00548_03,O00548,P038,1,5499
OI00549_01,O00549,P034,2,13999
OI00550_01,O00550,P023,1,799
OI00550_02,O00550,P032,3,22999
OI00550_03,O00550,P031,1,7999
OI00550_04,O00550,P039,2,16999
OI00551_01,O00551,P014,1,8499
OI00551_02,O00551,P010,2,17999
OI00551_03,O00551,P012,3,1799
OI00552_01,O00552,P027,3,10999
OI00552_02,O00552,P022,1,10999
OI00553_01,O00553,P038,3,5499
OI00553_02,O00553,P011,2,2999
OI00554_01,O00554,P009,3,11999
OI00554_02,O00554,P041,1,2499
OI00555_01,O00555,P012,3,1799
OI00555_02,O00555,P034,3,13999
OI00555_03,O00555,P026,3,6999
OI00556_01,O00556,P006,3,1999
OI00556_02,O00556,P014,2,8499
OI00556_03,O00556,P029,2,12999
OI00557_01,O00557,P038,1,5499
OI00557_02,O00557,P050,3,899
OI00558_01,O00558,P030,1,14999
OI00558_02,O00558,P039,1,16999
OI00558_03,O00558,P038,2,5499
OI00559_01,O00559,P034,3,13999
OI00559_02,O00559,P033,2,8999
OI00560_01,O00560,P040,3,18999
OI00560_02,O00560,P039,1,16999
OI00560_03,O00560,P003,1,2499
OI00560_04,O00560,P035,2,999
OI00561_01,O00561,P050,3,899
OI00562_01,O00562,P003,2,2499
OI00562_02,O00562,P045,1,18999
OI00562_03,O00562,P034,2,13999
OI00563_01,O00563,P028,1,15999
OI00564_01,O00564,P019,3,3999
OI00565_01,O00565,P046,3,3499
OI00566_01,O00566,P025,3,1299
OI00567_01,O00567,P024,3,699
OI00567_02,O00567,P007,3,5999
OI00567_03,O00567,P010,2,17999
OI00567_04,O00567,P028,2,15999
OI00568_01,O00568,P044,1,1099
OI00568_02,O00568,P026,2,6999
OI00568_03,O00568,P049,3,29999
OI00569_01,O00569,P017,3,6499
OI00569_02,O00569,P020,2,2499
OI00569_03,O00569,P037,3,1299
OI00569_04,O00569,P023,1,799
OI00570_01,O00570,P045,3,18999
OI00570_02,O00570,P011,2,2999
OI00570_03,O00570,P007,2,5999
OI00570_04,O00570,P014,3,8499
OI00571_01,O00571,P011,2,2999
OI00572_01,O00572,P031,2,7999
OI00572_02,O00572,P039,1,16999
OI00573_01,O00573,P039,1,16999
OI00574_01,O00574,P040,3,18999
OI00574_02,O00574,P042,3,7999
OI00574_03,O00574,P034,1,13999
OI00574_04,O00574,P019,1,3999
OI00575_01,O00575,P043,2,1499
OI00575_02,O00575,P034,1,13999
OI00576_01,O00576,P040,3,18999
OI00576_02,O00576,P011,1,2999
OI00577_01,O00577,P006,2,1999
OI00577_02,O00577,P018,2,19999
OI00578_01,O00578,P034,3,13999
OI00578_02,O00578,P001,3,4999
OI00579_01,O00579,P047,2,7999
OI00579_02,O00579,P036,2,1599
OI00579_03,O00579,P038,2,5499
OI00580_01,O00580,P026,1,6999
OI00580_02,O00580,P037,2,1299
OI00580_03,O00580,P001,3,4999
OI00580_04,O00580,P017,1,6499
OI00581_01,O00581,P008,3,3499
OI00581_02,O00581,P033,3,8999
OI00581_03,O00581,P017,2,6499
OI00582_01,O00582,P050,2,899
OI00582_02,O00582,P016,3,7499
OI00582_03,O00582,P049,2,29999
OI00582_04,O00582,P022,3,10999
OI00583_01,O00583,P025,3,1299
OI00584_01,O00584,P027,3,10999
OI00584_02,O00584,P023,1,799
OI00584_03,O00584,P034,3,13999
OI00585_01,O00585,P044,3,1099
OI00585_02,O00585,P048,1,5499
OI00585_03,O00585,P022,2,10999
OI00585_04,O00585,P005,2,8999
OI00586_01,O00586,P012,1,1799
OI00586_02,O00586,P048,2,5499
OI00586_03,O00586,P044,3,1099
OI00587_01,O00587,P014,1,8499
OI00587_02,O00587,P015,3,14999
OI00587_03,O00587,P013,2,21999
OI00588_01,O00588,P044,3,1099
OI00589_01,O00589,P031,2,7999
OI00590_01,O00590,P032,3,22999
OI00590_02,O00590,P012,2,1799
OI00590_03,O00590,P049,2,29999
OI00591_01,O00591,P034,2,13999
OI00592_01,O00592,P026,1,6999
OI00592_02,O00592,P044,2,1099
OI00592_03,O00592,P050,1,899
OI00593_01,O00593,P001,3,4999
OI00594_01,O00594,P024,1,699
OI00594_02,O00594,P040,3,18999
OI00594_03,O00594,P017,2,6499
OI00595_01,O00595,P024,2,699
OI00595_02,O00595,P012,1,1799
OI00595_03,O00595,P032,2,22999
OI00596_01,O00596,P018,1,19999
OI00596_02,O00596,P029,3,12999
OI00596_03,O00596,P012,3,1799
OI00596_04,O00596,P037,1,1299
OI00597_01,O00597,P036,2,1599
OI00597_02,O00597,P028,1,15999
OI00598_01,O00598,P031,1,7999
OI00598_02,O00598,P001,2,4999
OI00599_01,O00599,P032,3,22999
OI00599_02,O00599,P020,3,2499
OI00599_03,O00599,P017,1,6499
OI00600_01,O00600,P014,2,8499
OI00601_01,O00601,P048,2,5499
OI00601_02,O00601,P022,3,10999
OI00601_03,O00601,P017,3,6499
OI00601_04,O00601,P024,2,699
OI00602_01,O00602,P044,3,1099
OI00602_02,O00602,P039,3,16999
OI00602_03,O00602,P013,3,21999
OI00603_01,O00603,P023,3,799
OI00603_02,O00603,P021,2,4499
OI00603_03,O00603,P044,3,1099
OI00604_01,O00604,P030,1,14999
OI00604_02,O00604,P041,3,2499
OI00604_03,O00604,P010,2,17999
OI00605_01,O00605,P005,1,8999
OI00605_02,O00605,P006,2,1999
OI00605_03,O00605,P011,2,2999
OI00605_04,O00605,P022,3,10999
OI00606_01,O00606,P018,3,19999
OI00606_02,O00606,P029,3,12999
OI00606_03,O00606,P050,3,899
OI00606_04,O00606,P024,2,699
OI00607_01,O00607,P009,3,11999
OI00608_01,O00608,P014,1,8499
OI00609_01,O00609,P036,2,1599
OI00609_02,O00609,P004,3,12999
OI00609_03,O00609,P002,1,6999
OI00609_04,O00609,P050,1,899
OI00610_01,O00610,P020,2,2499
OI00610_02,O00610,P015,2,14999
OI00610_03,O00610,P016,3,7499
OI00610_04,O00610,P048,1,5499
OI00611_01,O00611,P003,3,2499
OI00612_01,O00612,P030,2,14999
OI00612_02,O00612,P035,1,999
OI00612_03,O00612,P018,3,19999
OI00612_04,O00612,P036,3,1599
OI00613_01,O00613,P034,2,13999
OI00613_02,O00613,P041,2,2499
OI00613_03,O00613,P035,3,999
OI00613_04,O00613,P020,1,2499
OI00614_01,O00614,P017,1,6499
OI00614_02,O00614,P010,3,17999
OI00614_03,O00614,P020,1,2499
OI00614_04,O00614,P001,2,4999
OI00615_01,O00615,P049,2,29999
OI00615_02,O00615,P031,2,7999
OI00615_03,O00615,P020,3,2499
OI00615_04,O00615,P001,1,4999
OI00616_01,O00616,P036,1,1599
OI00616_02,O00616,P028,3,15999
OI00616_03,O00616,P026,3,6999
OI00616_04,O00616,P016,3,7499
OI00617_01,O00617,P006,1,1999
OI00617_02,O00617,P028,3,15999
OI00617_03,O00617,P041,3,2499
OI00618_01,O00618,P027,1,10999
OI00618_02,O00618,P013,1,21999
OI00618_03,O00618,P005,2,8999
OI00619_01,O00619,P018,1,19999
OI00619_02,O00619,P045,2,18999
OI00619_03,O00619,P040,1,18999
OI00619_04,O00619,P032,1,22999
OI00620_01,O00620,P019,2,3999
OI00621_01,O00621,P015,1,14999
OI00622_01,O00622,P027,2,10999
OI00622_02,O00622,P020,2,2499
OI00622_03,O00622,P032,3,22999
OI00623_01,O00623,P004,2,12999
OI00623_02,O00623,P018,1,19999
OI00624_01,O00624,P025,3,1299
OI00624_02,O00624,P001,1,4999
OI00624_03,O00624,P008,2,3499
OI00625_01,O00625,P013,2,21999
OI00626_01,O00626,P031,3,7999
OI00626_02,O00626,P025,2,1299
OI00627_01,O00627,P048,3,5499
OI00628_01,O00628,P013,3,21999
OI00628_02,O00628,P024,1,699
OI00628_03,O00628,P004,1,12999
OI00629_01,O00629,P011,2,2999
OI00630_01,O00630,P001,3,4999
OI00630_02,O00630,P003,3,2499
OI00631_01,O00631,P050,1,899
OI00631_02,O00631,P006,2,1999
OI00631_03,O00631,P016,1,7499
OI00632_01,O00632,P004,2,12999
OI00633_01,O00633,P009,2,11999
OI00634_01,O00634,P029,1,12999
OI00634_02,O00634,P047,3,7999
OI00634_03,O00634,P013,2,21999
OI00635_01,O00635,P032,3,22999
OI00636_01,O00636,P013,2,21999
OI00636_02,O00636,P037,2,1299
OI00636_03,O00636,P012,3,1799
OI00636_04,O00636,P035,2,999
OI00637_01,O00637,P005,1,8999
OI00637_02,O00637,P034,2,13999
OI00638_01,O00638,P030,3,14999
OI00638_02,O00638,P001,3,4999
OI00638_03,O00638,P050,2,899
OI00639_01,O00639,P050,2,899
OI00639_02,O00639,P040,3,18999
OI00639_03,O00639,P016,1,7499
OI00640_01,O00640,P034,2,13999
OI00640_02,O00640,P044,3,1099
OI00641_01,O00641,P042,3,7999
OI00641_02,O00641,P021,3,4499
OI00641_03,O00641,P008,1,3499
OI00641_04,O00641,P007,1,5999
OI00642_01,O00642,P007,1,5999
OI00642_02,O00642,P032,1,22999
OI00643_01,O00643,P043,3,1499
OI00643_02,O00643,P032,3,22999
OI00643_03,O00643,P034,2,13999
OI00643_04,O00643,P040,1,18999
OI00644_01,O00644,P001,1,4999
OI00645_01,O00645,P030,3,14999
OI00646_01,O00646,P024,2,699
OI00646_02,O00646,P046,3,3499
OI00646_03,O00646,P004,1,12999
OI00646_04,O00646,P040,3,18999
OI00647_01,O00647,P034,1,13999
OI00647_02,O00647,P007,3,5999
OI00648_01,O00648,P034,1,13999
OI00648_02,O00648,P043,3,1499
OI00649_01,O00649,P048,3,5499
OI00649_02,O00649,P007,2,5999
OI00649_03,O00649,P050,3,899
OI00649_04,O00649,P041,2,2499
OI00650_01,O00650,P011,1,2999
OI00651_01,O00651,P035,2,999
OI00651_02,O00651,P039,2,16999
OI00652_01,O00652,P024,3,699
OI00652_02,O00652,P027,2,10999
OI00652_03,O00652,P049,3,29999
OI00653_01,O00653,P025,3,1299
OI00653_02,O00653,P050,3,899
OI00654_01,O00654,P026,2,6999
OI00654_02,O00654,P001,3,4999
OI00654_03,O00654,P047,1,7999
OI00654_04,O00654,P003,3,2499
OI00655_01,O00655,P015,1,14999
OI00655_02,O00655,P014,3,8499
OI00655_03,O00655,P021,2,4499
OI00656_01,O00656,P007,2,5999
OI00656_02,O00656,P003,2,2499
OI00657_01,O00657,P015,2,14999
OI00657_02,O00657,P017,1,6499
OI00658_01,O00658,P047,3,7999
OI00658_02,O00658,P005,2,8999
OI00659_01,O00659,P039,3,16999
OI00660_01,O00660,P006,2,1999
OI00660_02,O00660,P050,2,899
OI00660_03,O00660,P004,2,12999
OI00660_04,O00660,P022,1,10999
OI00661_01,O00661,P041,3,2499
OI00662_01,O00662,P021,3,4499
OI00663_01,O00663,P010,3,17999
OI00663_02,O00663,P004,3,12999
OI00664_01,O00664,P015,2,14999
OI00665_01,O00665,P022,2,10999
OI00665_02,O00665,P006,3,1999
OI00666_01,O00666,P006,2,1999
OI00666_02,O00666,P026,3,6999
OI00666_03,O00666,P033,1,8999
OI00667_01,O00667,P032,3,22999
OI00667_02,O00667,P026,3,6999
OI00668_01,O00668,P016,2,7499
OI00668_02,O00668,P005,2,8999
OI00669_01,O00669,P008,3,3499
OI00670_01,O00670,P021,3,4499
OI00670_02,O00670,P023,3,799
OI00671_01,O00671,P040,2,18999
OI00671_02,O00671,P029,1,12999
OI00671_03,O00671,P010,1,17999
OI00672_01,O00672,P008,3,3499
OI00673_01,O00673,P019,2,3999
OI00673_02,O00673,P001,3,4999
OI00674_01,O00674,P022,1,10999
OI00675_01,O00675,P036,3,1599
OI00675_02,O00675,P031,1,7999
OI00675_03,O00675,P040,3,18999
OI00676_01,O00676,P017,1,6499
OI00677_01,O00677,P004,1,12999
OI00677_02,O00677,P030,1,14999
OI00677_03,O00677,P042,2,7999
OI00678_01,O00678,P007,3,5999
OI00678_02,O00678,P002,2,6999
OI00678_03,O00678,P019,1,3999
OI00679_01,O00679,P021,2,4499
OI00680_01,O00680,P033,3,8999
OI00680_02,O00680,P030,3,14999
OI00681_01,O00681,P022,3,10999
OI00681_02,O00681,P032,1,22999
OI00681_03,O00681,P026,1,6999
OI00682_01,O00682,P016,1,7499
OI00682_02,O00682,P033,3,8999
OI00682_03,O00682,P018,2,19999
OI00683_01,O00683,P036,2,1599
OI00684_01,O00684,P043,2,1499
OI00684_02,O00684,P009,3,11999
OI00684_03,O00684,P006,3,1999
OI00684_04,O00684,P047,3,7999
OI00685_01,O00685,P037,2,1299
OI00685_02,O00685,P010,2,17999
OI00686_01,O00686,P014,1,8499
OI00686_02,O00686,P042,3,7999
OI00687_01,O00687,P020,3,2499
OI00687_02,O00687,P045,3,18999
OI00688_01,O00688,P042,1,7999
OI00688_02,O00688,P037,2,1299
OI00689_01,O00689,P012,2,1799
OI00690_01,O00690,P027,3,10999
OI00690_02,O00690,P020,3,2499
OI00690_03,O00690,P029,3,12999
OI00691_01,O00691,P009,1,11999
OI00692_01,O00692,P039,1,16999
OI00692_02,O00692,P037,3,1299
OI00692_03,O00692,P040,1,18999
OI00693_01,O00693,P045,2,18999
OI00694_01,O00694,P046,2,3499
OI00694_02,O00694,P042,2,7999
OI00694_03,O00694,P024,2,699
OI00694_04,O00694,P012,1,1799
OI00695_01,O00695,P049,1,29999
OI00695_02,O00695,P001,3,4999
OI00695_03,O00695,P018,3,19999
OI00695_04,O00695,P027,1,10999
OI00696_01,O00696,P040,2,18999
OI00696_02,O00696,P032,1,22999
OI00696_03,O00696,P045,2,18999
OI00696_04,O00696,P021,2,4499
OI00697_01,O00697,P047,3,7999
OI00697_02,O00697,P021,3,4499
OI00697_03,O00697,P026,3,6999
OI00697_04,O00697,P040,3,18999
OI00698_01,O00698,P034,1,13999
OI00699_01,O00699,P016,3,7499
OI00700_01,O00700,P036,2,1599
OI00701_01,O00701,P013,2,21999
OI00702_01,O00702,P030,2,14999
OI00702_02,O00702,P011,3,2999
OI00702_03,O00702,P028,1,15999
OI00703_01,O00703,P042,3,7999
OI00703_02,O00703,P029,1,12999
OI00703_03,O00703,P006,1,1999
OI00703_04,O00703,P047,3,7999
OI00704_01,O00704,P021,2,4499
OI00704_02,O00704,P029,3,12999
OI00704_03,O00704,P002,3,6999
OI00704_04,O00704,P012,1,1799
OI00705_01,O00705,P046,1,3499
OI00705_02,O00705,P047,1,7999
OI00706_01,O00706,P006,2,1999
OI00706_02,O00706,P034,3,13999
OI00706_03,O00706,P046,3,3499
OI00707_01,O00707,P003,3,2499
OI00707_02,O00707,P050,3,899
OI00707_03,O00707,P011,1,2999
OI00707_04,O00707,P022,1,10999
OI00708_01,O00708,P027,2,10999
OI00709_01,O00709,P019,1,3999
OI00709_02,O00709,P041,1,2499
OI00709_03,O00709,P012,1,1799
OI00709_04,O00709,P008,3,3499
OI00710_01,O00710,P032,2,22999
OI00710_02,O00710,P035,1,999
OI00710_03,O00710,P001,1,4999
OI00710_04,O00710,P039,3,16999
OI00711_01,O00711,P006,3,1999
OI00711_02,O00711,P039,2,16999
OI00711_03,O00711,P001,3,4999
OI00711_04,O00711,P016,3,7499
OI00712_01,O00712,P012,1,1799
OI00713_01,O00713,P003,3,2499
OI00713_02,O00713,P043,3,1499
OI00714_01,O00714,P007,2,5999
OI00715_01,O00715,P030,3,14999
OI00715_02,O00715,P048,2,5499
OI00716_01,O00716,P024,2,699
OI00716_02,O00716,P025,3,1299
OI00716_03,O00716,P005,1,8999
OI00717_01,O00717,P022,3,10999
OI00717_02,O00717,P034,1,13999
OI00717_03,O00717,P027,3,10999
OI00718_01,O00718,P031,3,7999
OI00719_01,O00719,P028,2,15999
OI00719_02,O00719,P039,3,16999
OI00719_03,O00719,P021,3,4499
OI00720_01,O00720,P034,2,13999
OI00720_02,O00720,P047,1,7999
OI00720_03,O00720,P041,3,2499
OI00720_04,O00720,P032,1,22999
OI00721_01,O00721,P008,1,3499
OI00722_01,O00722,P040,2,18999
OI00722_02,O00722,P027,1,10999
OI00723_01,O00723,P001,1,4999
OI00723_02,O00723,P041,3,2499
OI00724_01,O00724,P020,2,2499
OI00724_02,O00724,P033,1,8999
OI00724_03,O00724,P036,1,1599
OI00725_01,O00725,P012,1,1799
OI00726_01,O00726,P031,2,7999
OI00726_02,O00726,P003,1,2499
OI00726_03,O00726,P042,3,7999
OI00726_04,O00726,P009,2,11999
OI00727_01,O00727,P048,3,5499
OI00727_02,O00727,P004,3,12999
OI00727_03,O00727,P034,3,13999
OI00727_04,O00727,P020,2,2499
OI00728_01,O00728,P023,2,799
OI00728_02,O00728,P005,1,8999
OI00728_03,O00728,P010,2,17999
OI00729_01,O00729,P037,2,1299
OI00729_02,O00729,P039,1,16999
OI00730_01,O00730,P046,2,3499
OI00730_02,O00730,P021,2,4499
OI00730_03,O00730,P003,1,2499
OI00731_01,O00731,P020,1,2499
OI00731_02,O00731,P014,2,8499
OI00731_03,O00731,P034,1,13999
OI00731_04,O00731,P012,1,1799
OI00732_01,O00732,P033,2,8999
OI00732_02,O00732,P010,3,17999
OI00732_03,O00732,P013,3,21999
OI00732_04,O00732,P022,2,10999
OI00733_01,O00733,P034,3,13999
OI00734_01,O00734,P025,1,1299
OI00734_02,O00734,P046,2,3499
OI00734_03,O00734,P034,1,13999
OI00734_04,O00734,P008,3,3499
OI00735_01,O00735,P003,3,2499
OI00735_02,O00735,P007,3,5999
OI00735_03,O00735,P034,2,13999
OI00735_04,O00735,P050,1,899
OI00736_01,O00736,P021,1,4499
OI00736_02,O00736,P013,2,21999
OI00737_01,O00737,P043,1,1499
OI00737_02,O00737,P008,2,3499
OI00737_03,O00737,P018,1,19999
OI00737_04,O00737,P010,1,17999
OI00738_01,O00738,P035,3,999
OI00738_02,O00738,P023,2,799
OI00739_01,O00739,P037,1,1299
OI00739_02,O00739,P016,2,7499
OI00739_03,O00739,P011,3,2999
OI00740_01,O00740,P002,3,6999
OI00740_02,O00740,P031,1,7999
OI00741_01,O00741,P026,3,6999
OI00741_02,O00741,P012,3,1799
OI00741_03,O00741,P046,3,3499
OI00741_04,O00741,P039,3,16999
OI00742_01,O00742,P013,3,21999
OI00742_02,O00742,P046,3,3499
OI00742_03,O00742,P049,1,29999
OI00743_01,O00743,P006,2,1999
OI00743_02,O00743,P045,1,18999
OI00744_01,O00744,P031,2,7999
OI00744_02,O00744,P015,2,14999
OI00744_03,O00744,P010,2,17999
OI00744_04,O00744,P040,1,18999
OI00745_01,O00745,P030,1,14999
OI00745_02,O00745,P032,2,22999
OI00745_03,O00745,P002,1,6999
OI00746_01,O00746,P019,2,3999
OI00746_02,O00746,P050,3,899
OI00747_01,O00747,P046,3,3499
OI00747_02,O00747,P007,1,5999
OI00747_03,O00747,P021,2,4499
OI00747_04,O00747,P036,3,1599
OI00748_01,O00748,P040,3,18999
OI00748_02,O00748,P016,1,7499
OI00749_01,O00749,P045,2,18999
OI00749_02,O00749,P038,2,5499
OI00750_01,O00750,P012,3,1799
OI00750_02,O00750,P043,1,1499
OI00751_01,O00751,P008,2,3499
OI00751_02,O00751,P038,3,5499
OI00751_03,O00751,P039,1,16999
OI00751_04,O00751,P030,2,14999
OI00752_01,O00752,P039,1,16999
OI00753_01,O00753,P021,1,4499
OI00753_02,O00753,P032,1,22999
OI00753_03,O00753,P042,1,7999
OI00753_04,O00753,P043,1,1499
OI00754_01,O00754,P049,1,29999
OI00755_01,O00755,P025,2,1299
OI00755_02,O00755,P040,1,18999
OI00755_03,O00755,P037,1,1299
OI00756_01,O00756,P028,1,15999
OI00756_02,O00756,P046,3,3499
OI00756_03,O00756,P023,1,799
OI00757_01,O00757,P019,2,3999
OI00757_02,O00757,P004,3,12999
OI00758_01,O00758,P008,1,3499
OI00758_02,O00758,P019,2,3999
OI00758_03,O00758,P002,3,6999
OI00759_01,O00759,P026,1,6999
OI00759_02,O00759,P025,3,1299
OI00759_03,O00759,P028,1,15999
OI00759_04,O00759,P035,2,999
OI00760_01,O00760,P027,3,10999
OI00760_02,O00760,P010,1,17999
OI00760_03,O00760,P019,1,3999
OI00761_01,O00761,P047,3,7999
OI00761_02,O00761,P032,2,22999
OI00762_01,O00762,P030,3,14999
OI00762_02,O00762,P045,1,18999
OI00762_03,O00762,P039,2,16999
OI00762_04,O00762,P028,3,15999
OI00763_01,O00763,P023,3,799
OI00763_02,O00763,P015,1,14999
OI00763_03,O00763,P012,3,1799
OI00763_04,O00763,P028,2,15999
OI00764_01,O00764,P027,2,10999
OI00764_02,O00764,P035,1,999
OI00764_03,O00764,P037,1,1299
OI00765_01,O00765,P038,2,5499
OI00766_01,O00766,P030,3,14999
OI00766_02,O00766,P034,3,13999
OI00766_03,O00766,P006,1,1999
OI00767_01,O00767,P044,3,1099
OI00768_01,O00768,P022,3,10999
OI00769_01,O00769,P037,2,1299
OI00769_02,O00769,P047,2,7999
OI00769_03,O00769,P022,2,10999
OI00769_04,O00769,P027,1,10999
OI00770_01,O00770,P047,1,7999
OI00770_02,O00770,P037,3,1299
OI00770_03,O00770,P017,2,6499
OI00771_01,O00771,P048,2,5499
OI00771_02,O00771,P040,2,18999
OI00771_03,O00771,P002,1,6999
OI00772_01,O00772,P017,2,6499
OI00772_02,O00772,P009,2,11999
OI00772_03,O00772,P040,2,18999
OI00773_01,O00773,P038,1,5499
OI00773_02,O00773,P048,3,5499
OI00774_01,O00774,P045,1,18999
OI00774_02,O00774,P016,3,7499
OI00774_03,O00774,P032,1,22999
OI00775_01,O00775,P032,2,22999
OI00775_02,O00775,P049,2,29999
OI00776_01,O00776,P014,3,8499
OI00776_02,O00776,P037,2,1299
OI00777_01,O00777,P004,1,12999
OI00778_01,O00778,P048,2,5499
OI00778_02,O00778,P049,3,29999
OI00778_03,O00778,P035,3,999
OI00778_04,O00778,P015,2,14999
OI00779_01,O00779,P001,3,4999
OI00779_02,O00779,P019,2,3999
OI00779_03,O00779,P029,3,12999
OI00779_04,O00779,P025,3,1299
OI00780_01,O00780,P028,2,15999
OI00780_02,O00780,P040,2,18999
OI00780_03,O00780,P042,2,7999
OI00781_01,O00781,P030,1,14999
OI00781_02,O00781,P050,3,899
OI00781_03,O00781,P044,3,1099
OI00781_04,O00781,P048,3,5499
OI00782_01,O00782,P021,1,4499
OI00782_02,O00782,P036,3,1599
OI00783_01,O00783,P007,2,5999
OI00783_02,O00783,P034,1,13999
OI00783_03,O00783,P044,3,1099
OI00783_04,O00783,P029,2,12999
OI00784_01,O00784,P004,3,12999
OI00785_01,O00785,P046,1,3499
OI00786_01,O00786,P043,1,1499
OI00786_02,O00786,P049,1,29999
OI00786_03,O00786,P042,3,7999
OI00786_04,O00786,P037,1,1299
OI00787_01,O00787,P041,2,2499
OI00788_01,O00788,P017,1,6499
OI00788_02,O00788,P011,2,2999
OI00788_03,O00788,P050,1,899
OI00789_01,O00789,P017,2,6499
OI00790_01,O00790,P040,1,18999
OI00790_02,O00790,P026,3,6999
OI00791_01,O00791,P014,2,8499
OI00791_02,O00791,P040,3,18999
OI00791_03,O00791,P042,2,7999
OI00791_04,O00791,P007,1,5999
OI00792_01,O00792,P050,2,899
OI00792_02,O00792,P029,1,12999
OI00792_03,O00792,P002,3,6999
OI00793_01,O00793,P018,2,19999
OI00793_02,O00793,P010,3,17999
OI00793_03,O00793,P045,1,18999
OI00793_04,O00793,P022,3,10999
OI00794_01,O00794,P028,1,15999
OI00794_02,O00794,P026,3,6999
OI00794_03,O00794,P047,1,7999
OI00794_04,O00794,P050,1,899
OI00795_01,O00795,P008,2,3499
OI00795_02,O00795,P037,3,1299
OI00795_03,O00795,P035,2,999
OI00795_04,O00795,P023,2,799
OI00796_01,O00796,P024,3,699
OI00797_01,O00797,P042,3,7999
OI00797_02,O00797,P013,1,21999
OI00797_03,O00797,P012,2,1799
OI00798_01,O00798,P007,2,5999
OI00798_02,O00798,P041,1,2499
OI00798_03,O00798,P045,3,18999
OI00798_04,O00798,P023,2,799
OI00799_01,O00799,P002,3,6999
OI00799_02,O00799,P047,1,7999
OI00800_01,O00800,P032,1,22999
OI00800_02,O00800,P035,1,999
OI00800_03,O00800,P029,2,12999
OI00801_01,O00801,P026,1,6999
OI00802_01,O00802,P044,3,1099
OI00802_02,O00802,P035,1,999
OI00802_03,O00802,P010,1,17999
OI00802_04,O00802,P048,1,5499
OI00803_01,O00803,P031,3,7999
OI00804_01,O00804,P001,3,4999
OI00804_02,O00804,P012,1,1799
OI00805_01,O00805,P040,1,18999
OI00805_02,O00805,P011,1,2999
OI00805_03,O00805,P038,2,5499
OI00805_04,O00805,P005,3,8999
OI00806_01,O00806,P028,3,15999
OI00806_02,O00806,P022,3,10999
OI00807_01,O00807,P021,1,4499
OI00807_02,O00807,P014,3,8499
OI00808_01,O00808,P010,1,17999
OI00808_02,O00808,P049,3,29999
OI00808_03,O00808,P027,2,10999
OI00809_01,O00809,P009,1,11999
OI00810_01,O00810,P002,1,6999
OI00810_02,O00810,P032,1,22999
OI00811_01,O00811,P027,2,10999
OI00811_02,O00811,P045,3,18999
OI00811_03,O00811,P050,1,899
OI00812_01,O00812,P027,3,10999
OI00812_02,O00812,P016,1,7499
OI00812_03,O00812,P012,3,1799
OI00812_04,O00812,P040,1,18999
OI00813_01,O00813,P041,2,2499
OI00814_01,O00814,P013,3,21999
OI00814_02,O00814,P008,1,3499
OI00815_01,O00815,P030,3,14999
OI00815_02,O00815,P050,3,899
OI00816_01,O00816,P010,3,17999
OI00817_01,O00817,P004,3,12999
OI00818_01,O00818,P022,2,10999
OI00818_02,O00818,P040,1,18999
OI00818_03,O00818,P049,1,29999
OI00819_01,O00819,P011,2,2999
OI00819_02,O00819,P002,3,6999
OI00820_01,O00820,P038,3,5499
OI00820_02,O00820,P021,3,4499
OI00820_03,O00820,P027,2,10999
OI00820_04,O00820,P013,1,21999
OI00821_01,O00821,P016,3,7499
OI00822_01,O00822,P005,3,8999
OI00822_02,O00822,P031,2,7999
OI00823_01,O00823,P040,1,18999
OI00823_02,O00823,P030,2,14999
OI00824_01,O00824,P041,2,2499
OI00824_02,O00824,P023,1,799
OI00825_01,O00825,P018,1,19999
OI00826_01,O00826,P011,2,2999
OI00826_02,O00826,P049,3,29999
OI00826_03,O00826,P022,1,10999
OI00826_04,O00826,P015,3,14999
OI00827_01,O00827,P006,3,1999
OI00827_02,O00827,P027,2,10999
OI00828_01,O00828,P018,3,19999
OI00828_02,O00828,P001,1,4999
OI00828_03,O00828,P047,1,7999
OI00828_04,O00828,P028,2,15999
OI00829_01,O00829,P037,2,1299
OI00829_02,O00829,P001,1,4999
OI00830_01,O00830,P028,3,15999
OI00831_01,O00831,P029,2,12999
OI00832_01,O00832,P045,3,18999
OI00833_01,O00833,P016,1,7499
OI00833_02,O00833,P042,2,7999
OI00833_03,O00833,P006,3,1999
OI00834_01,O00834,P030,2,14999
OI00835_01,O00835,P012,3,1799
OI00835_02,O00835,P024,3,699
OI00835_03,O00835,P041,1,2499
OI00835_04,O00835,P030,3,14999
OI00836_01,O00836,P034,2,13999
OI00836_02,O00836,P003,2,2499
OI00836_03,O00836,P019,3,3999
OI00837_01,O00837,P044,3,1099
OI00837_02,O00837,P006,2,1999
OI00838_01,O00838,P004,2,12999
OI00838_02,O00838,P008,2,3499
OI00838_03,O00838,P025,3,1299
OI00839_01,O00839,P036,3,1599
OI00840_01,O00840,P016,3,7499
OI00840_02,O00840,P035,2,999
OI00840_03,O00840,P008,3,3499
OI00841_01,O00841,P049,1,29999
OI00841_02,O00841,P048,2,5499
OI00842_01,O00842,P018,2,19999
OI00842_02,O00842,P004,2,12999
OI00842_03,O00842,P005,2,8999
OI00842_04,O00842,P024,3,699
OI00843_01,O00843,P029,3,12999
OI00843_02,O00843,P040,3,18999
OI00843_03,O00843,P024,1,699
OI00844_01,O00844,P006,2,1999
OI00845_01,O00845,P007,1,5999
OI00846_01,O00846,P010,1,17999
OI00846_02,O00846,P014,2,8499
OI00846_03,O00846,P034,2,13999
OI00846_04,O00846,P041,3,2499
OI00847_01,O00847,P027,3,10999
OI00847_02,O00847,P029,1,12999
OI00847_03,O00847,P048,2,5499
OI00848_01,O00848,P034,2,13999
OI00848_02,O00848,P042,2,7999
OI00849_01,O00849,P032,3,22999
OI00849_02,O00849,P038,3,5499
OI00849_03,O00849,P043,3,1499
OI00850_01,O00850,P020,2,2499
OI00850_02,O00850,P011,1,2999
OI00851_01,O00851,P010,2,17999
OI00852_01,O00852,P046,2,3499
OI00852_02,O00852,P035,1,999
OI00853_01,O00853,P011,1,2999
OI00853_02,O00853,P016,1,7499
OI00854_01,O00854,P024,3,699
OI00854_02,O00854,P012,3,1799
OI00854_03,O00854,P014,1,8499
OI00855_01,O00855,P024,3,699
OI00855_02,O00855,P029,1,12999
OI00856_01,O00856,P026,2,6999
OI00857_01,O00857,P010,3,17999
OI00857_02,O00857,P001,3,4999
OI00857_03,O00857,P048,2,5499
OI00858_01,O00858,P049,1,29999
OI00858_02,O00858,P037,3,1299
OI00858_03,O00858,P043,3,1499
OI00859_01,O00859,P003,1,2499
OI00859_02,O00859,P009,2,11999
OI00859_03,O00859,P044,1,1099
OI00859_04,O00859,P036,2,1599
OI00860_01,O00860,P006,3,1999
OI00860_02,O00860,P021,3,4499
OI00860_03,O00860,P004,1,12999
OI00861_01,O00861,P013,3,21999
OI00861_02,O00861,P002,2,6999
OI00861_03,O00861,P006,3,1999
OI00862_01,O00862,P013,3,21999
OI00862_02,O00862,P032,3,22999
OI00862_03,O00862,P021,1,4499
OI00862_04,O00862,P039,3,16999
OI00863_01,O00863,P024,2,699
OI00863_02,O00863,P025,2,1299
OI00863_03,O00863,P001,2,4999
OI00863_04,O00863,P019,2,3999
OI00864_01,O00864,P048,1,5499
OI00864_02,O00864,P027,3,10999
OI00864_03,O00864,P029,2,12999
OI00864_04,O00864,P019,3,3999
OI00865_01,O00865,P010,1,17999
OI00866_01,O00866,P005,2,8999
OI00866_02,O00866,P038,1,5499
OI00866_03,O00866,P049,1,29999
OI00867_01,O00867,P012,3,1799
OI00867_02,O00867,P036,1,1599
OI00867_03,O00867,P030,1,14999
OI00867_04,O00867,P046,1,3499
OI00868_01,O00868,P020,3,2499
OI00869_01,O00869,P015,2,14999
OI00869_02,O00869,P002,2,6999
OI00869_03,O00869,P001,3,4999
OI00869_04,O00869,P010,3,17999
OI00870_01,O00870,P027,3,10999
OI00870_02,O00870,P012,3,1799
OI00870_03,O00870,P032,1,22999
OI00871_01,O00871,P005,3,8999
OI00871_02,O00871,P039,2,16999
OI00871_03,O00871,P048,3,5499
OI00871_04,O00871,P024,2,699
OI00872_01,O00872,P024,3,699
OI00873_01,O00873,P011,1,2999
OI00873_02,O00873,P038,2,5499
OI00873_03,O00873,P004,2,12999
OI00874_01,O00874,P018,2,19999
OI00875_01,O00875,P004,3,12999
OI00875_02,O00875,P019,1,3999
OI00875_03,O00875,P034,3,13999
OI00876_01,O00876,P039,1,16999
OI00877_01,O00877,P018,3,19999
OI00877_02,O00877,P044,2,1099
OI00877_03,O00877,P045,1,18999
OI00878_01,O00878,P001,3,4999
OI00878_02,O00878,P009,2,11999
OI00879_01,O00879,P011,1,2999
OI00879_02,O00879,P007,3,5999
OI00879_03,O00879,P014,1,8499
OI00880_01,O00880,P027,2,10999
OI00881_01,O00881,P031,2,7999
OI00882_01,O00882,P039,1,16999
OI00882_02,O00882,P034,3,13999
OI00882_03,O00882,P049,2,29999
OI00882_04,O00882,P022,1,10999
OI00883_01,O00883,P045,3,18999
OI00883_02,O00883,P010,1,17999
OI00884_01,O00884,P028,3,15999
OI00885_01,O00885,P050,2,899
OI00886_01,O00886,P003,3,2499
OI00887_01,O00887,P017,1,6499
OI00888_01,O00888,P008,3,3499
OI00889_01,O00889,P043,1,1499
OI00889_02,O00889,P023,1,799
OI00890_01,O00890,P038,3,5499
OI00890_02,O00890,P023,3,799
OI00890_03,O00890,P011,3,2999
OI00891_01,O00891,P038,1,5499
OI00892_01,O00892,P011,1,2999
OI00892_02,O00892,P049,3,29999
OI00892_03,O00892,P035,1,999
OI00893_01,O00893,P024,2,699
OI00893_02,O00893,P045,3,18999
OI00893_03,O00893,P038,1,5499
OI00893_04,O00893,P012,1,1799
OI00894_01,O00894,P027,2,10999
OI00894_02,O00894,P008,1,3499
OI00895_01,O00895,P049,3,29999
OI00895_02,O00895,P024,3,699
OI00895_03,O00895,P046,1,3499
OI00895_04,O00895,P019,1,3999
OI00896_01,O00896,P030,2,14999
OI00896_02,O00896,P039,3,16999
OI00896_03,O00896,P048,2,5499
OI00897_01,O00897,P013,2,21999
OI00897_02,O00897,P005,1,8999
OI00897_03,O00897,P031,1,7999
OI00897_04,O00897,P044,3,1099
OI00898_01,O00898,P034,1,13999
OI00898_02,O00898,P043,1,1499
OI00898_03,O00898,P044,2,1099
OI00898_04,O00898,P006,2,1999
OI00899_01,O00899,P005,1,8999
OI00899_02,O00899,P024,2,699
OI00900_01,O00900,P008,2,3499
OI00900_02,O00900,P015,2,14999
OI00900_03,O00900,P028,3,15999
OI00900_04,O00900,P047,3,7999
OI00901_01,O00901,P023,2,799
OI00901_02,O00901,P031,2,7999
OI00901_03,O00901,P043,3,1499
OI00901_04,O00901,P039,2,16999
OI00902_01,O00902,P017,2,6499
OI00903_01,O00903,P002,3,6999
OI00903_02,O00903,P007,1,5999
OI00904_01,O00904,P025,3,1299
OI00904_02,O00904,P039,2,16999
OI00905_01,O00905,P049,1,29999
OI00906_01,O00906,P030,2,14999
OI00906_02,O00906,P013,2,21999
OI00906_03,O00906,P019,3,3999
OI00906_04,O00906,P043,2,1499
OI00907_01,O00907,P049,1,29999
OI00908_01,O00908,P029,1,12999
OI00908_02,O00908,P021,1,4499
OI00908_03,O00908,P025,1,1299
OI00908_04,O00908,P030,3,14999
OI00909_01,O00909,P032,1,22999
OI00909_02,O00909,P028,2,15999
OI00910_01,O00910,P037,3,1299
OI00911_01,O00911,P031,1,7999
OI00911_02,O00911,P036,2,1599
OI00911_03,O00911,P011,2,2999
OI00911_04,O00911,P033,2,8999
OI00912_01,O00912,P050,1,899
OI00912_02,O00912,P019,1,3999
OI00912_03,O00912,P021,3,4499
OI00913_01,O00913,P048,3,5499
OI00913_02,O00913,P038,2,5499
OI00913_03,O00913,P002,2,6999
OI00914_01,O00914,P027,3,10999
OI00914_02,O00914,P023,1,799
OI00914_03,O00914,P004,1,12999
OI00915_01,O00915,P045,1,18999
OI00916_01,O00916,P035,2,999
OI00917_01,O00917,P037,1,1299
OI00917_02,O00917,P033,3,8999
OI00917_03,O00917,P027,2,10999
OI00917_04,O00917,P018,3,19999
OI00918_01,O00918,P021,1,4499
OI00918_02,O00918,P037,3,1299
OI00918_03,O00918,P007,3,5999
OI00918_04,O00918,P032,1,22999
OI00919_01,O00919,P011,2,2999
OI00919_02,O00919,P040,2,18999
OI00919_03,O00919,P020,1,2499
OI00920_01,O00920,P035,1,999
OI00921_01,O00921,P015,3,14999
OI00921_02,O00921,P040,3,18999
OI00921_03,O00921,P048,1,5499
OI00921_04,O00921,P006,3,1999
OI00922_01,O00922,P028,3,15999
OI00922_02,O00922,P014,2,8499
OI00922_03,O00922,P023,3,799
OI00922_04,O00922,P005,2,8999
OI00923_01,O00923,P027,2,10999
OI00923_02,O00923,P026,3,6999
OI00924_01,O00924,P002,3,6999
OI00924_02,O00924,P041,3,2499
OI00925_01,O00925,P018,2,19999
OI00925_02,O00925,P041,3,2499
OI00925_03,O00925,P035,3,999
OI00925_04,O00925,P040,3,18999
OI00926_01,O00926,P010,2,17999
OI00926_02,O00926,P016,2,7499
OI00926_03,O00926,P048,2,5499
OI00926_04,O00926,P044,2,1099
OI00927_01,O00927,P018,2,19999
OI00927_02,O00927,P019,3,3999
OI00927_03,O00927,P042,3,7999
OI00927_04,O00927,P011,1,2999
OI00928_01,O00928,P002,2,6999
OI00928_02,O00928,P016,2,7499
OI00929_01,O00929,P042,2,7999
OI00929_02,O00929,P003,1,2499
OI00929_03,O00929,P013,1,21999
OI00929_04,O00929,P011,2,2999
OI00930_01,O00930,P047,2,7999
OI00931_01,O00931,P021,3,4499
OI00932_01,O00932,P024,3,699
OI00932_02,O00932,P043,1,1499
OI00932_03,O00932,P006,1,1999
OI00932_04,O00932,P026,1,6999
OI00933_01,O00933,P034,3,13999
OI00934_01,O00934,P032,3,22999
OI00934_02,O00934,P006,1,1999
OI00934_03,O00934,P016,2,7499
OI00935_01,O00935,P048,1,5499
OI00935_02,O00935,P016,1,7499
OI00935_03,O00935,P028,1,15999
OI00935_04,O00935,P014,1,8499
OI00936_01,O00936,P032,3,22999
OI00937_01,O00937,P035,3,999
OI00937_02,O00937,P028,1,15999
OI00937_03,O00937,P031,2,7999
OI00938_01,O00938,P020,3,2499
OI00938_02,O00938,P002,1,6999
OI00938_03,O00938,P042,3,7999
OI00939_01,O00939,P017,2,6499
OI00939_02,O00939,P036,2,1599
OI00940_01,O00940,P035,1,999
OI00941_01,O00941,P017,1,6499
OI00941_02,O00941,P020,2,2499
OI00941_03,O00941,P006,1,1999
OI00941_04,O00941,P049,1,29999
OI00942_01,O00942,P003,2,2499
OI00942_02,O00942,P018,2,19999
OI00942_03,O00942,P006,3,1999
OI00942_04,O00942,P050,2,899
OI00943_01,O00943,P011,3,2999
OI00944_01,O00944,P039,2,16999
OI00944_02,O00944,P047,2,7999
OI00944_03,O00944,P036,3,1599
OI00944_04,O00944,P048,1,5499
OI00945_01,O00945,P041,3,2499
OI00945_02,O00945,P029,1,12999
OI00946_01,O00946,P021,1,4499
OI00946_02,O00946,P037,1,1299
OI00946_03,O00946,P006,1,1999
OI00947_01,O00947,P039,2,16999
OI00947_02,O00947,P044,2,1099
OI00948_01,O00948,P017,3,6499
OI00948_02,O00948,P012,3,1799
OI00949_01,O00949,P027,2,10999
OI00950_01,O00950,P002,3,6999
OI00950_02,O00950,P036,3,1599
OI00951_01,O00951,P013,1,21999
OI00951_02,O00951,P017,2,6499
OI00951_03,O00951,P045,3,18999
OI00951_04,O00951,P011,2,2999
OI00952_01,O00952,P011,1,2999
OI00952_02,O00952,P037,3,1299
OI00952_03,O00952,P008,3,3499
OI00953_01,O00953,P044,3,1099
OI00953_02,O00953,P032,1,22999
OI00953_03,O00953,P008,1,3499
OI00953_04,O00953,P015,2,14999
OI00954_01,O00954,P028,3,15999
OI00954_02,O00954,P014,1,8499
OI00955_01,O00955,P012,2,1799
OI00955_02,O00955,P027,2,10999
OI00955_03,O00955,P010,1,17999
OI00955_04,O00955,P002,3,6999
OI00956_01,O00956,P006,2,1999
OI00956_02,O00956,P001,3,4999
OI00956_03,O00956,P031,2,7999
OI00956_04,O00956,P009,3,11999
OI00957_01,O00957,P048,1,5499
OI00957_02,O00957,P039,3,16999
OI00957_03,O00957,P017,1,6499
OI00957_04,O00957,P005,1,8999
OI00958_01,O00958,P039,3,16999
OI00958_02,O00958,P043,1,1499
OI00958_03,O00958,P046,1,3499
OI00959_01,O00959,P026,1,6999
OI00959_02,O00959,P043,3,1499
OI00959_03,O00959,P024,1,699
OI00960_01,O00960,P022,2,10999
OI00960_02,O00960,P030,3,14999
OI00960_03,O00960,P009,3,11999
OI00960_04,O00960,P006,2,1999
OI00961_01,O00961,P009,2,11999
OI00962_01,O00962,P019,2,3999
OI00962_02,O00962,P017,3,6499
OI00962_03,O00962,P040,2,18999
OI00962_04,O00962,P049,2,29999
OI00963_01,O00963,P049,3,29999
OI00963_02,O00963,P010,2,17999
OI00963_03,O00963,P036,1,1599
OI00963_04,O00963,P043,1,1499
OI00964_01,O00964,P031,2,7999
OI00965_01,O00965,P032,1,22999
OI00966_01,O00966,P030,1,14999
OI00966_02,O00966,P032,1,22999
OI00966_03,O00966,P008,2,3499
OI00966_04,O00966,P047,1,7999
OI00967_01,O00967,P048,2,5499
OI00967_02,O00967,P033,3,8999
OI00968_01,O00968,P034,3,13999
OI00969_01,O00969,P050,3,899
OI00969_02,O00969,P032,1,22999
OI00970_01,O00970,P026,2,6999
OI00971_01,O00971,P010,2,17999
OI00971_02,O00971,P002,3,6999
OI00971_03,O00971,P006,3,1999
OI00972_01,O00972,P039,2,16999
OI00972_02,O00972,P043,1,1499
OI00972_03,O00972,P001,3,4999
OI00973_01,O00973,P014,3,8499
OI00973_02,O00973,P004,2,12999
OI00974_01,O00974,P036,3,1599
OI00975_01,O00975,P016,2,7499
OI00975_02,O00975,P050,1,899
OI00976_01,O00976,P050,3,899
OI00976_02,O00976,P026,1,6999
OI00976_03,O00976,P019,1,3999
OI00976_04,O00976,P042,2,7999
OI00977_01,O00977,P044,2,1099
OI00977_02,O00977,P039,3,16999
OI00977_03,O00977,P009,1,11999
OI00978_01,O00978,P025,3,1299
OI00978_02,O00978,P031,2,7999
OI00978_03,O00978,P018,1,19999
OI00978_04,O00978,P037,2,1299
OI00979_01,O00979,P006,2,1999
OI00979_02,O00979,P003,3,2499
OI00979_03,O00979,P033,1,8999
OI00979_04,O00979,P022,3,10999
OI00980_01,O00980,P034,2,13999
OI00980_02,O00980,P041,2,2499
OI00980_03,O00980,P042,2,7999
OI00980_04,O00980,P006,1,1999
OI00981_01,O00981,P044,1,1099
OI00981_02,O00981,P020,3,2499
OI00982_01,O00982,P003,3,2499
OI00983_01,O00983,P030,3,14999
OI00984_01,O00984,P017,3,6499
OI00984_02,O00984,P038,1,5499
OI00984_03,O00984,P006,1,1999
OI00985_01,O00985,P026,1,6999
OI00985_02,O00985,P003,2,2499
OI00986_01,O00986,P049,2,29999
OI00986_02,O00986,P043,2,1499
OI00986_03,O00986,P029,1,12999
OI00986_04,O00986,P040,1,18999
OI00987_01,O00987,P044,3,1099
OI00987_02,O00987,P007,1,5999
OI00987_03,O00987,P028,1,15999
OI00988_01,O00988,P030,3,14999
OI00988_02,O00988,P045,3,18999
OI00988_03,O00988,P026,3,6999
OI00988_04,O00988,P043,2,1499
OI00989_01,O00989,P045,2,18999
OI00989_02,O00989,P044,1,1099
OI00989_03,O00989,P026,1,6999
OI00990_01,O00990,P045,1,18999
OI00991_01,O00991,P042,2,7999
OI00991_02,O00991,P016,3,7499
OI00992_01,O00992,P010,1,17999
OI00992_02,O00992,P031,1,7999
OI00992_03,O00992,P028,1,15999
OI00992_04,O00992,P002,3,6999
OI00993_01,O00993,P002,1,6999
OI00993_02,O00993,P029,2,12999
OI00993_03,O00993,P038,3,5499
OI00993_04,O00993,P016,2,7499
OI00994_01,O00994,P027,3,10999
OI00994_02,O00994,P032,3,22999
OI00994_03,O00994,P048,3,5499
OI00994_04,O00994,P038,2,5499
OI00995_01,O00995,P015,1,14999
OI00995_02,O00995,P046,2,3499
OI00995_03,O00995,P004,3,12999
OI00995_04,O00995,P034,2,13999
OI00996_01,O00996,P031,3,7999
OI00996_02,O00996,P008,2,3499
OI00996_03,O00996,P032,2,22999
OI00996_04,O00996,P040,3,18999
OI00997_01,O00997,P031,2,7999
OI00997_02,O00997,P023,1,799
OI00998_01,O00998,P039,2,16999
OI00998_02,O00998,P046,1,3499
OI00998_03,O00998,P043,2,1499
OI00999_01,O00999,P044,2,1099
OI00999_02,O00999,P042,1,7999
OI00999_03,O00999,P048,3,5499
OI00999_04,O00999,P024,1,699
OI01000_01,O01000,P009,3,11999
OI01000_02,O01000,P012,2,1799
OI01000_03,O01000,P013,1,21999
OI01000_04,O01000,P011,2,2999
OI01001_01,O01001,P002,2,6999
OI01002_01,O01002,P033,1,8999
OI01002_02,O01002,P003,2,2499
OI01003_01,O01003,P036,1,1599
OI01004_01,O01004,P050,2,899
OI01004_02,O01004,P003,1,2499
OI01004_03,O01004,P036,3,1599
OI01005_01,O01005,P029,2,12999
OI01006_01,O01006,P036,1,1599
OI01007_01,O01007,P014,2,8499
OI01008_01,O01008,P049,1,29999
OI01008_02,O01008,P033,1,8999
OI01008_03,O01008,P032,3,22999
OI01008_04,O01008,P047,2,7999
OI01009_01,O01009,P029,1,12999
OI01009_02,O01009,P027,1,10999
OI01010_01,O01010,P006,2,1999
OI01010_02,O01010,P018,3,19999
OI01011_01,O01011,P010,3,17999
OI01011_02,O01011,P049,2,29999
OI01012_01,O01012,P027,2,10999
OI01012_02,O01012,P030,1,14999
OI01012_03,O01012,P034,2,13999
OI01012_04,O01012,P044,1,1099
OI01013_01,O01013,P006,2,1999
OI01014_01,O01014,P028,2,15999
OI01014_02,O01014,P004,1,12999
OI01015_01,O01015,P041,3,2499
OI01016_01,O01016,P027,3,10999
OI01016_02,O01016,P026,3,6999
OI01016_03,O01016,P044,2,1099
OI01017_01,O01017,P001,3,4999
OI01017_02,O01017,P018,1,19999
OI01017_03,O01017,P034,3,13999
OI01018_01,O01018,P045,1,18999
OI01018_02,O01018,P023,2,799
OI01018_03,O01018,P042,1,7999
OI01018_04,O01018,P026,1,6999
OI01019_01,O01019,P034,2,13999
OI01019_02,O01019,P035,1,999
OI01020_01,O01020,P049,1,29999
OI01020_02,O01020,P041,1,2499
OI01020_03,O01020,P011,3,2999
OI01021_01,O01021,P047,1,7999
OI01021_02,O01021,P028,3,15999
OI01021_03,O01021,P033,1,8999
OI01022_01,O01022,P008,3,3499
OI01022_02,O01022,P004,1,12999
OI01022_03,O01022,P049,2,29999
OI01023_01,O01023,P022,3,10999
OI01023_02,O01023,P016,3,7499
OI01023_03,O01023,P048,3,5499
OI01023_04,O01023,P038,3,5499
OI01024_01,O01024,P020,3,2499
OI01024_02,O01024,P019,3,3999
OI01024_03,O01024,P043,3,1499
OI01025_01,O01025,P007,3,5999
OI01025_02,O01025,P021,3,4499
OI01026_01,O01026,P007,2,5999
OI01026_02,O01026,P010,1,17999
OI01026_03,O01026,P046,1,3499
OI01026_04,O01026,P028,1,15999
OI01027_01,O01027,P029,2,12999
OI01027_02,O01027,P005,3,8999
OI01028_01,O01028,P017,2,6499
OI01028_02,O01028,P038,2,5499
OI01028_03,O01028,P032,3,22999
OI01028_04,O01028,P041,2,2499
OI01029_01,O01029,P033,2,8999
OI01029_02,O01029,P009,3,11999
OI01030_01,O01030,P045,1,18999
OI01031_01,O01031,P036,1,1599
OI01031_02,O01031,P024,3,699
OI01032_01,O01032,P003,1,2499
OI01032_02,O01032,P034,2,13999
OI01032_03,O01032,P010,2,17999
OI01033_01,O01033,P010,1,17999
OI01034_01,O01034,P019,3,3999
OI01034_02,O01034,P014,2,8499
OI01034_03,O01034,P012,1,1799
OI01035_01,O01035,P027,2,10999
OI01036_01,O01036,P025,3,1299
OI01036_02,O01036,P031,1,7999
OI01036_03,O01036,P047,1,7999
OI01037_01,O01037,P043,2,1499
OI01037_02,O01037,P029,1,12999
OI01037_03,O01037,P010,3,17999
OI01037_04,O01037,P047,3,7999
OI01038_01,O01038,P022,2,10999
OI01038_02,O01038,P035,3,999
OI01038_03,O01038,P003,2,2499
OI01038_04,O01038,P043,3,1499
OI01039_01,O01039,P037,3,1299
OI01040_01,O01040,P042,3,7999
OI01041_01,O01041,P037,3,1299
OI01042_01,O01042,P008,3,3499
OI01043_01,O01043,P014,3,8499
OI01043_02,O01043,P016,2,7499
OI01043_03,O01043,P046,1,3499
OI01044_01,O01044,P032,1,22999
OI01045_01,O01045,P034,2,13999
OI01046_01,O01046,P035,1,999
OI01047_01,O01047,P010,2,17999
OI01048_01,O01048,P012,1,1799
OI01048_02,O01048,P002,2,6999
OI01048_03,O01048,P046,2,3499
OI01049_01,O01049,P017,1,6499
OI01049_02,O01049,P025,1,1299
OI01049_03,O01049,P008,1,3499
OI01050_01,O01050,P033,2,8999
OI01050_02,O01050,P049,1,29999
OI01050_03,O01050,P025,2,1299
OI01050_04,O01050,P008,2,3499
OI01051_01,O01051,P027,3,10999
OI01052_01,O01052,P036,1,1599
OI01052_02,O01052,P038,1,5499
OI01052_03,O01052,P044,3,1099
OI01053_01,O01053,P029,1,12999
OI01053_02,O01053,P006,1,1999
OI01053_03,O01053,P041,2,2499
OI01053_04,O01053,P033,3,8999
OI01054_01,O01054,P036,2,1599
OI01054_02,O01054,P029,3,12999
OI01054_03,O01054,P003,2,2499
OI01054_04,O01054,P001,3,4999
OI01055_01,O01055,P018,2,19999
OI01055_02,O01055,P039,2,16999
OI01055_03,O01055,P017,3,6499
OI01055_04,O01055,P044,1,1099
OI01056_01,O01056,P011,3,2999
OI01057_01,O01057,P026,3,6999
OI01058_01,O01058,P028,3,15999
OI01058_02,O01058,P014,2,8499
OI01058_03,O01058,P040,3,18999
OI01059_01,O01059,P018,2,19999
OI01059_02,O01059,P016,1,7499
OI01059_03,O01059,P043,2,1499
OI01059_04,O01059,P021,3,4499
OI01060_01,O01060,P042,3,7999
OI01060_02,O01060,P001,2,4999
OI01061_01,O01061,P027,3,10999
OI01061_02,O01061,P036,3,1599
OI01062_01,O01062,P042,3,7999
OI01063_01,O01063,P044,3,1099
OI01063_02,O01063,P008,2,3499
OI01063_03,O01063,P023,2,799
OI01063_04,O01063,P025,1,1299
OI01064_01,O01064,P008,2,3499
OI01065_01,O01065,P015,3,14999
OI01066_01,O01066,P013,3,21999
OI01066_02,O01066,P006,2,1999
OI01066_03,O01066,P040,3,18999
OI01067_01,O01067,P003,3,2499
OI01067_02,O01067,P018,3,19999
OI01067_03,O01067,P032,3,22999
OI01068_01,O01068,P008,2,3499
OI01068_02,O01068,P018,1,19999
OI01068_03,O01068,P037,3,1299
OI01068_04,O01068,P033,1,8999
OI01069_01,O01069,P005,1,8999
OI01069_02,O01069,P038,3,5499
OI01070_01,O01070,P034,2,13999
OI01070_02,O01070,P047,1,7999
OI01071_01,O01071,P044,1,1099
OI01071_02,O01071,P036,2,1599
OI01071_03,O01071,P030,3,14999
OI01072_01,O01072,P028,1,15999
OI01072_02,O01072,P027,3,10999
OI01072_03,O01072,P018,3,19999
OI01073_01,O01073,P047,1,7999
OI01074_01,O01074,P021,2,4499
OI01074_02,O01074,P001,1,4999
OI01074_03,O01074,P026,3,6999
OI01074_04,O01074,P013,1,21999
OI01075_01,O01075,P005,2,8999
OI01075_02,O01075,P016,2,7499
OI01075_03,O01075,P013,1,21999
OI01075_04,O01075,P011,3,2999
OI01076_01,O01076,P002,2,6999
OI01076_02,O01076,P038,1,5499
OI01076_03,O01076,P041,1,2499
OI01076_04,O01076,P022,2,10999
OI01077_01,O01077,P034,3,13999
OI01077_02,O01077,P016,3,7499
OI01077_03,O01077,P005,2,8999
OI01078_01,O01078,P006,1,1999
OI01079_01,O01079,P009,1,11999
OI01080_01,O01080,P005,3,8999
OI01080_02,O01080,P007,1,5999
OI01080_03,O01080,P044,2,1099
OI01080_04,O01080,P004,2,12999
OI01081_01,O01081,P015,1,14999
OI01081_02,O01081,P039,2,16999
OI01081_03,O01081,P043,2,1499
OI01081_04,O01081,P040,2,18999
OI01082_01,O01082,P022,3,10999
OI01083_01,O01083,P038,1,5499
OI01083_02,O01083,P013,1,21999
OI01083_03,O01083,P007,3,5999
OI01084_01,O01084,P037,3,1299
OI01084_02,O01084,P009,3,11999
OI01085_01,O01085,P012,1,1799
OI01085_02,O01085,P016,1,7499
OI01085_03,O01085,P009,2,11999
OI01085_04,O01085,P003,3,2499
OI01086_01,O01086,P020,1,2499
OI01086_02,O01086,P038,1,5499
OI01086_03,O01086,P035,2,999
OI01087_01,O01087,P001,3,4999
OI01087_02,O01087,P034,3,13999
OI01087_03,O01087,P038,1,5499
OI01088_01,O01088,P028,2,15999
OI01089_01,O01089,P005,1,8999
OI01089_02,O01089,P022,3,10999
OI01090_01,O01090,P039,3,16999
OI01090_02,O01090,P045,2,18999
OI01090_03,O01090,P022,3,10999
OI01090_04,O01090,P038,2,5499
OI01091_01,O01091,P003,3,2499
OI01091_02,O01091,P032,1,22999
OI01091_03,O01091,P015,3,14999
OI01091_04,O01091,P001,1,4999
OI01092_01,O01092,P048,1,5499
OI01092_02,O01092,P050,2,899
OI01092_03,O01092,P022,1,10999
OI01092_04,O01092,P025,1,1299
OI01093_01,O01093,P036,1,1599
OI01094_01,O01094,P003,1,2499
OI01094_02,O01094,P002,2,6999
OI01094_03,O01094,P013,1,21999
OI01095_01,O01095,P022,1,10999
OI01095_02,O01095,P036,1,1599
OI01096_01,O01096,P007,1,5999
OI01096_02,O01096,P002,2,6999
OI01096_03,O01096,P044,3,1099
OI01097_01,O01097,P030,2,14999
OI01097_02,O01097,P016,3,7499
OI01097_03,O01097,P024,1,699
OI01098_01,O01098,P046,1,3499
OI01098_02,O01098,P005,1,8999
OI01098_03,O01098,P008,1,3499
OI01098_04,O01098,P010,3,17999
OI01099_01,O01099,P041,3,2499
OI01099_02,O01099,P016,3,7499
OI01099_03,O01099,P003,1,2499
OI01099_04,O01099,P049,3,29999
OI01100_01,O01100,P004,2,12999
OI01100_02,O01100,P041,1,2499
OI01101_01,O01101,P047,2,7999
OI01101_02,O01101,P006,3,1999
OI01102_01,O01102,P049,2,29999
OI01102_02,O01102,P042,3,7999
OI01102_03,O01102,P033,2,8999
OI01102_04,O01102,P024,1,699
OI01103_01,O01103,P046,3,3499
OI01103_02,O01103,P032,2,22999
OI01103_03,O01103,P031,3,7999
OI01103_04,O01103,P018,3,19999
OI01104_01,O01104,P029,2,12999
OI01104_02,O01104,P016,1,7499
OI01105_01,O01105,P024,3,699
OI01105_02,O01105,P017,1,6499
OI01106_01,O01106,P034,1,13999
OI01106_02,O01106,P023,2,799
OI01106_03,O01106,P015,3,14999
OI01106_04,O01106,P038,3,5499
OI01107_01,O01107,P027,2,10999
OI01107_02,O01107,P024,2,699
OI01107_03,O01107,P032,1,22999
OI01107_04,O01107,P021,1,4499
OI01108_01,O01108,P023,1,799
OI01109_01,O01109,P018,1,19999
OI01110_01,O01110,P035,1,999
OI01111_01,O01111,P020,3,2499
OI01111_02,O01111,P048,2,5499
OI01111_03,O01111,P050,1,899
OI01112_01,O01112,P001,2,4999
OI01112_02,O01112,P050,2,899
OI01112_03,O01112,P020,2,2499
OI01113_01,O01113,P031,3,7999
OI01114_01,O01114,P015,2,14999
OI01114_02,O01114,P047,1,7999
OI01114_03,O01114,P048,3,5499
OI01114_04,O01114,P014,3,8499
OI01115_01,O01115,P022,2,10999
OI01115_02,O01115,P006,3,1999
OI01115_03,O01115,P021,2,4499
OI01115_04,O01115,P013,1,21999
OI01116_01,O01116,P024,1,699
OI01117_01,O01117,P032,3,22999
OI01118_01,O01118,P044,3,1099
OI01118_02,O01118,P049,3,29999
OI01118_03,O01118,P026,2,6999
OI01118_04,O01118,P050,2,899
OI01119_01,O01119,P009,1,11999
OI01120_01,O01120,P025,3,1299
OI01120_02,O01120,P014,2,8499
OI01120_03,O01120,P026,1,6999
OI01120_04,O01120,P005,2,8999
OI01121_01,O01121,P041,1,2499
OI01121_02,O01121,P020,3,2499
OI01121_03,O01121,P006,3,1999
OI01121_04,O01121,P011,1,2999
OI01122_01,O01122,P002,2,6999
OI01122_02,O01122,P012,2,1799
OI01122_03,O01122,P013,1,21999
OI01122_04,O01122,P005,1,8999
OI01123_01,O01123,P004,1,12999
OI01123_02,O01123,P024,2,699
OI01123_03,O01123,P034,2,13999
OI01123_04,O01123,P001,2,4999
OI01124_01,O01124,P031,1,7999
OI01124_02,O01124,P048,1,5499
OI01124_03,O01124,P005,1,8999
OI01124_04,O01124,P025,2,1299
OI01125_01,O01125,P011,3,2999
OI01125_02,O01125,P039,1,16999
OI01125_03,O01125,P037,3,1299
OI01125_04,O01125,P020,3,2499
OI01126_01,O01126,P010,2,17999
OI01127_01,O01127,P034,3,13999
OI01127_02,O01127,P022,2,10999
OI01128_01,O01128,P019,3,3999
OI01129_01,O01129,P026,2,6999
OI01129_02,O01129,P040,1,18999
OI01129_03,O01129,P012,1,1799
OI01130_01,O01130,P043,1,1499
OI01130_02,O01130,P012,2,1799
OI01130_03,O01130,P045,3,18999
OI01130_04,O01130,P037,1,1299
OI01131_01,O01131,P041,3,2499
OI01131_02,O01131,P035,1,999
OI01131_03,O01131,P019,3,3999
OI01132_01,O01132,P027,2,10999
OI01132_02,O01132,P049,1,29999
OI01132_03,O01132,P036,1,1599
OI01132_04,O01132,P008,3,3499
OI01133_01,O01133,P011,1,2999
OI01133_02,O01133,P017,2,6499
OI01133_03,O01133,P014,1,8499
OI01133_04,O01133,P033,1,8999
OI01134_01,O01134,P025,1,1299
OI01134_02,O01134,P022,2,10999
OI01134_03,O01134,P048,1,5499
OI01134_04,O01134,P026,1,6999
OI01135_01,O01135,P021,3,4499
OI01135_02,O01135,P043,2,1499
OI01136_01,O01136,P046,1,3499
OI01136_02,O01136,P029,2,12999
OI01137_01,O01137,P039,1,16999
OI01138_01,O01138,P011,1,2999
OI01138_02,O01138,P005,3,8999
OI01138_03,O01138,P043,2,1499
OI01138_04,O01138,P049,1,29999
OI01139_01,O01139,P044,3,1099
OI01140_01,O01140,P025,3,1299
OI01141_01,O01141,P004,2,12999
OI01142_01,O01142,P016,1,7499
OI01142_02,O01142,P013,2,21999
OI01142_03,O01142,P006,1,1999
OI01143_01,O01143,P015,1,14999
OI01144_01,O01144,P027,3,10999
OI01145_01,O01145,P040,3,18999
OI01145_02,O01145,P014,2,8499
OI01146_01,O01146,P023,2,799
OI01147_01,O01147,P001,2,4999
OI01147_02,O01147,P025,1,1299
OI01147_03,O01147,P014,1,8499
OI01148_01,O01148,P003,2,2499
OI01148_02,O01148,P005,2,8999
OI01148_03,O01148,P014,3,8499
OI01149_01,O01149,P017,3,6499
OI01149_02,O01149,P007,2,5999
OI01150_01,O01150,P022,3,10999
OI01150_02,O01150,P012,3,1799
OI01151_01,O01151,P022,1,10999
OI01152_01,O01152,P033,3,8999
OI01152_02,O01152,P041,3,2499
OI01152_03,O01152,P048,3,5499
OI01152_04,O01152,P015,1,14999
OI01153_01,O01153,P020,1,2499
OI01154_01,O01154,P004,1,12999
OI01155_01,O01155,P025,3,1299
OI01155_02,O01155,P014,1,8499
OI01156_01,O01156,P048,2,5499
OI01156_02,O01156,P022,3,10999
OI01156_03,O01156,P009,1,11999
OI01156_04,O01156,P018,3,19999
OI01157_01,O01157,P015,3,14999
OI01158_01,O01158,P043,1,1499
OI01159_01,O01159,P034,3,13999
OI01159_02,O01159,P021,1,4499
OI01159_03,O01159,P012,1,1799
OI01159_04,O01159,P029,2,12999
OI01160_01,O01160,P014,1,8499
OI01160_02,O01160,P009,1,11999
OI01161_01,O01161,P016,1,7499
OI01161_02,O01161,P033,2,8999
OI01162_01,O01162,P016,1,7499
OI01162_02,O01162,P028,3,15999
OI01163_01,O01163,P041,1,2499
OI01163_02,O01163,P013,2,21999
OI01163_03,O01163,P018,2,19999
OI01163_04,O01163,P031,2,7999
OI01164_01,O01164,P049,2,29999
OI01164_02,O01164,P010,2,17999
OI01164_03,O01164,P031,1,7999
OI01164_04,O01164,P002,2,6999
OI01165_01,O01165,P017,2,6499
OI01165_02,O01165,P025,2,1299
OI01166_01,O01166,P005,2,8999
OI01166_02,O01166,P022,1,10999
OI01166_03,O01166,P009,1,11999
OI01166_04,O01166,P046,1,3499
OI01167_01,O01167,P032,2,22999
OI01167_02,O01167,P026,3,6999
OI01167_03,O01167,P027,2,10999
OI01168_01,O01168,P027,1,10999
OI01169_01,O01169,P013,2,21999
OI01169_02,O01169,P049,2,29999
OI01170_01,O01170,P033,3,8999
OI01170_02,O01170,P046,3,3499
OI01170_03,O01170,P032,2,22999
OI01171_01,O01171,P048,2,5499
OI01171_02,O01171,P016,3,7499
OI01171_03,O01171,P031,3,7999
OI01171_04,O01171,P003,3,2499
OI01172_01,O01172,P017,2,6499
OI01172_02,O01172,P039,3,16999
OI01173_01,O01173,P001,1,4999
OI01173_02,O01173,P008,3,3499
OI01174_01,O01174,P034,1,13999
OI01175_01,O01175,P045,3,18999
OI01175_02,O01175,P020,3,2499
OI01175_03,O01175,P033,2,8999
OI01176_01,O01176,P007,3,5999
OI01177_01,O01177,P018,1,19999
OI01177_02,O01177,P048,3,5499
OI01178_01,O01178,P032,1,22999
OI01178_02,O01178,P001,1,4999
OI01179_01,O01179,P042,1,7999
OI01179_02,O01179,P019,1,3999
OI01179_03,O01179,P047,2,7999
OI01179_04,O01179,P028,1,15999
OI01180_01,O01180,P033,2,8999
OI01180_02,O01180,P008,3,3499
OI01181_01,O01181,P049,2,29999
OI01181_02,O01181,P013,2,21999
OI01182_01,O01182,P041,1,2499
OI01183_01,O01183,P018,1,19999
OI01184_01,O01184,P032,1,22999
OI01184_02,O01184,P044,1,1099
OI01184_03,O01184,P049,2,29999
OI01184_04,O01184,P007,1,5999
OI01185_01,O01185,P007,1,5999
OI01186_01,O01186,P032,2,22999
OI01186_02,O01186,P031,3,7999
OI01186_03,O01186,P049,2,29999
OI01187_01,O01187,P021,3,4499
OI01187_02,O01187,P016,2,7499
OI01187_03,O01187,P024,2,699
OI01188_01,O01188,P007,3,5999
OI01188_02,O01188,P001,2,4999
OI01188_03,O01188,P030,3,14999
OI01189_01,O01189,P045,2,18999
OI01189_02,O01189,P049,2,29999
OI01189_03,O01189,P016,3,7499
OI01190_01,O01190,P043,2,1499
OI01190_02,O01190,P013,1,21999
OI01190_03,O01190,P001,3,4999
OI01190_04,O01190,P041,2,2499
OI01191_01,O01191,P015,3,14999
OI01191_02,O01191,P039,3,16999
OI01191_03,O01191,P032,1,22999
OI01191_04,O01191,P026,2,6999
OI01192_01,O01192,P043,2,1499
OI01192_02,O01192,P045,2,18999
OI01192_03,O01192,P007,3,5999
OI01192_04,O01192,P047,1,7999
OI01193_01,O01193,P009,2,11999
OI01194_01,O01194,P011,3,2999
OI01194_02,O01194,P029,3,12999
OI01194_03,O01194,P008,1,3499
OI01194_04,O01194,P031,1,7999
OI01195_01,O01195,P007,2,5999
OI01196_01,O01196,P025,1,1299
OI01196_02,O01196,P050,3,899
OI01196_03,O01196,P018,2,19999
OI01197_01,O01197,P043,1,1499
OI01198_01,O01198,P045,2,18999
OI01199_01,O01199,P042,2,7999
OI01200_01,O01200,P042,1,7999
OI01200_02,O01200,P036,2,1599
OI01200_03,O01200,P028,1,15999
OI01200_04,O01200,P015,2,14999
OI01201_01,O01201,P048,3,5499
OI01201_02,O01201,P008,2,3499
OI01202_01,O01202,P037,1,1299
OI01202_02,O01202,P048,3,5499
OI01202_03,O01202,P001,3,4999
OI01202_04,O01202,P020,1,2499
OI01203_01,O01203,P044,3,1099
OI01203_02,O01203,P009,3,11999
OI01203_03,O01203,P034,3,13999
OI01204_01,O01204,P021,2,4499
OI01204_02,O01204,P010,3,17999
OI01204_03,O01204,P019,2,3999
OI01204_04,O01204,P015,1,14999
OI01205_01,O01205,P039,2,16999
OI01206_01,O01206,P018,3,19999
OI01207_01,O01207,P032,3,22999
OI01207_02,O01207,P019,2,3999
OI01208_01,O01208,P047,3,7999
OI01208_02,O01208,P015,3,14999
OI01209_01,O01209,P032,2,22999
OI01209_02,O01209,P047,2,7999
OI01210_01,O01210,P036,2,1599
OI01211_01,O01211,P049,3,29999
OI01211_02,O01211,P026,3,6999
OI01211_03,O01211,P005,2,8999
OI01212_01,O01212,P007,3,5999
OI01212_02,O01212,P009,1,11999
OI01212_03,O01212,P021,3,4499
OI01212_04,O01212,P049,2,29999
OI01213_01,O01213,P029,2,12999
OI01213_02,O01213,P045,2,18999
OI01214_01,O01214,P048,1,5499
OI01214_02,O01214,P042,2,7999
OI01215_01,O01215,P025,3,1299
OI01215_02,O01215,P028,1,15999
OI01216_01,O01216,P012,3,1799
OI01216_02,O01216,P004,2,12999
OI01216_03,O01216,P008,3,3499
OI01216_04,O01216,P033,2,8999
OI01217_01,O01217,P003,1,2499
OI01217_02,O01217,P008,2,3499
OI01218_01,O01218,P042,2,7999
OI01218_02,O01218,P048,3,5499
OI01219_01,O01219,P042,3,7999
OI01219_02,O01219,P025,2,1299
OI01219_03,O01219,P018,2,19999
OI01219_04,O01219,P041,1,2499
OI01220_01,O01220,P042,1,7999
OI01220_02,O01220,P043,3,1499
OI01220_03,O01220,P033,3,8999
OI01220_04,O01220,P015,3,14999
OI01221_01,O01221,P038,1,5499
OI01222_01,O01222,P020,2,2499
OI01222_02,O01222,P037,1,1299
OI01222_03,O01222,P009,3,11999
OI01222_04,O01222,P007,3,5999
OI01223_01,O01223,P026,3,6999
OI01224_01,O01224,P005,3,8999
OI01224_02,O01224,P034,3,13999
OI01224_03,O01224,P038,1,5499
OI01224_04,O01224,P035,1,999
OI01225_01,O01225,P001,2,4999
OI01225_02,O01225,P036,2,1599
OI01226_01,O01226,P042,1,7999
OI01226_02,O01226,P011,3,2999
OI01227_01,O01227,P008,3,3499
OI01228_01,O01228,P028,1,15999
OI01228_02,O01228,P043,1,1499
OI01229_01,O01229,P043,1,1499
OI01229_02,O01229,P035,3,999
OI01229_03,O01229,P029,2,12999
OI01230_01,O01230,P039,1,16999
OI01230_02,O01230,P035,3,999
OI01230_03,O01230,P033,1,8999
OI01231_01,O01231,P013,1,21999
OI01232_01,O01232,P039,1,16999
OI01232_02,O01232,P036,3,1599
OI01233_01,O01233,P005,3,8999
OI01233_02,O01233,P036,1,1599
OI01233_03,O01233,P017,2,6499
OI01233_04,O01233,P025,2,1299
OI01234_01,O01234,P045,1,18999
OI01234_02,O01234,P010,3,17999
OI01234_03,O01234,P035,3,999
OI01234_04,O01234,P014,2,8499
OI01235_01,O01235,P037,3,1299
OI01235_02,O01235,P043,3,1499
OI01235_03,O01235,P042,1,7999
OI01236_01,O01236,P025,1,1299
OI01236_02,O01236,P002,2,6999
OI01236_03,O01236,P039,1,16999
OI01236_04,O01236,P016,3,7499
OI01237_01,O01237,P022,3,10999
OI01238_01,O01238,P010,1,17999
OI01238_02,O01238,P015,1,14999
OI01238_03,O01238,P018,2,19999
OI01239_01,O01239,P012,3,1799
OI01240_01,O01240,P007,3,5999
OI01240_02,O01240,P034,2,13999
OI01240_03,O01240,P023,3,799
OI01240_04,O01240,P045,2,18999
OI01241_01,O01241,P021,2,4499
OI01241_02,O01241,P049,1,29999
OI01242_01,O01242,P031,1,7999
OI01242_02,O01242,P038,3,5499
OI01242_03,O01242,P009,3,11999
OI01242_04,O01242,P017,3,6499
OI01243_01,O01243,P037,3,1299
OI01243_02,O01243,P048,3,5499
OI01243_03,O01243,P018,2,19999
OI01243_04,O01243,P004,3,12999
OI01244_01,O01244,P046,2,3499
OI01244_02,O01244,P030,2,14999
OI01244_03,O01244,P012,3,1799
OI01244_04,O01244,P029,2,12999
OI01245_01,O01245,P020,1,2499
OI01245_02,O01245,P041,2,2499
OI01246_01,O01246,P041,1,2499
OI01247_01,O01247,P011,3,2999
OI01248_01,O01248,P001,3,4999
OI01248_02,O01248,P028,1,15999
OI01248_03,O01248,P044,2,1099
OI01248_04,O01248,P033,2,8999
OI01249_01,O01249,P026,1,6999
OI01250_01,O01250,P046,2,3499
OI01251_01,O01251,P048,3,5499
OI01251_02,O01251,P043,3,1499
OI01252_01,O01252,P044,3,1099
OI01252_02,O01252,P049,1,29999
OI01253_01,O01253,P033,1,8999
OI01253_02,O01253,P023,2,799
OI01254_01,O01254,P022,3,10999
OI01255_01,O01255,P019,2,3999
OI01256_01,O01256,P048,3,5499
OI01257_01,O01257,P042,2,7999
OI01257_02,O01257,P033,3,8999
OI01257_03,O01257,P003,2,2499
OI01258_01,O01258,P022,1,10999
OI01258_02,O01258,P020,2,2499
OI01258_03,O01258,P023,3,799
OI01258_04,O01258,P007,1,5999
OI01259_01,O01259,P032,3,22999
OI01259_02,O01259,P013,1,21999
OI01259_03,O01259,P006,2,1999
OI01259_04,O01259,P034,1,13999
OI01260_01,O01260,P015,2,14999
OI01260_02,O01260,P031,2,7999
OI01260_03,O01260,P026,2,6999
OI01261_01,O01261,P007,2,5999
OI01261_02,O01261,P029,1,12999
OI01261_03,O01261,P043,1,1499
OI01262_01,O01262,P046,1,3499
OI01262_02,O01262,P013,2,21999
OI01262_03,O01262,P008,1,3499
OI01263_01,O01263,P003,1,2499
OI01263_02,O01263,P011,2,2999
OI01263_03,O01263,P043,3,1499
OI01264_01,O01264,P044,2,1099
OI01264_02,O01264,P046,3,3499
OI01264_03,O01264,P009,3,11999
OI01264_04,O01264,P021,3,4499
OI01265_01,O01265,P002,1,6999
OI01266_01,O01266,P004,2,12999
OI01266_02,O01266,P044,2,1099
OI01267_01,O01267,P019,2,3999
OI01267_02,O01267,P032,1,22999
OI01267_03,O01267,P006,3,1999
OI01267_04,O01267,P049,1,29999
OI01268_01,O01268,P050,3,899
OI01268_02,O01268,P008,1,3499
OI01268_03,O01268,P017,3,6499
OI01269_01,O01269,P045,3,18999
OI01270_01,O01270,P015,1,14999
OI01270_02,O01270,P008,2,3499
OI01271_01,O01271,P028,3,15999
OI01271_02,O01271,P002,1,6999
OI01272_01,O01272,P034,1,13999
OI01272_02,O01272,P020,1,2499
OI01272_03,O01272,P045,2,18999
OI01272_04,O01272,P041,2,2499
OI01273_01,O01273,P020,1,2499
OI01274_01,O01274,P046,2,3499
OI01274_02,O01274,P027,1,10999
OI01274_03,O01274,P016,1,7499
OI01275_01,O01275,P014,2,8499
OI01275_02,O01275,P019,3,3999
OI01275_03,O01275,P031,1,7999
OI01276_01,O01276,P024,1,699
OI01276_02,O01276,P022,3,10999
OI01276_03,O01276,P020,1,2499
OI01276_04,O01276,P008,3,3499
OI01277_01,O01277,P024,3,699
OI01277_02,O01277,P048,3,5499
OI01277_03,O01277,P050,3,899
OI01278_01,O01278,P038,1,5499
OI01278_02,O01278,P025,1,1299
OI01279_01,O01279,P003,3,2499
OI01280_01,O01280,P007,2,5999
OI01280_02,O01280,P005,2,8999
OI01280_03,O01280,P035,3,999
OI01280_04,O01280,P040,2,18999
OI01281_01,O01281,P003,1,2499
OI01281_02,O01281,P009,2,11999
OI01282_01,O01282,P024,3,699
OI01282_02,O01282,P029,1,12999
OI01282_03,O01282,P041,2,2499
OI01283_01,O01283,P011,3,2999
OI01284_01,O01284,P003,3,2499
OI01284_02,O01284,P037,1,1299
OI01284_03,O01284,P004,3,12999
OI01285_01,O01285,P011,2,2999
OI01286_01,O01286,P026,1,6999
OI01286_02,O01286,P039,1,16999
OI01286_03,O01286,P018,1,19999
OI01286_04,O01286,P014,3,8499
OI01287_01,O01287,P033,2,8999
OI01287_02,O01287,P046,2,3499
OI01287_03,O01287,P047,1,7999
OI01287_04,O01287,P034,2,13999
OI01288_01,O01288,P015,3,14999
OI01288_02,O01288,P003,1,2499
OI01289_01,O01289,P009,3,11999
OI01289_02,O01289,P018,1,19999
OI01289_03,O01289,P004,1,12999
OI01290_01,O01290,P041,2,2499
OI01290_02,O01290,P039,1,16999
OI01290_03,O01290,P024,3,699
OI01291_01,O01291,P040,3,18999
OI01291_02,O01291,P019,1,3999
OI01291_03,O01291,P021,2,4499
OI01291_04,O01291,P004,1,12999
OI01292_01,O01292,P035,3,999
OI01293_01,O01293,P047,3,7999
OI01294_01,O01294,P041,1,2499
OI01294_02,O01294,P039,2,16999
OI01294_03,O01294,P036,1,1599
OI01295_01,O01295,P010,3,17999
OI01295_02,O01295,P029,2,12999
OI01295_03,O01295,P015,2,14999
OI01295_04,O01295,P047,1,7999
OI01296_01,O01296,P012,3,1799
OI01296_02,O01296,P013,1,21999
OI01296_03,O01296,P037,3,1299
OI01296_04,O01296,P032,2,22999
OI01297_01,O01297,P026,3,6999
OI01297_02,O01297,P044,1,1099
OI01298_01,O01298,P030,2,14999
OI01298_02,O01298,P042,1,7999
OI01299_01,O01299,P039,1,16999
OI01300_01,O01300,P049,3,29999
OI01301_01,O01301,P018,1,19999
OI01302_01,O01302,P007,3,5999
OI01303_01,O01303,P013,1,21999
OI01304_01,O01304,P011,1,2999
OI01304_02,O01304,P020,1,2499
OI01304_03,O01304,P022,1,10999
OI01304_04,O01304,P031,3,7999
OI01305_01,O01305,P002,1,6999
OI01306_01,O01306,P010,1,17999
OI01306_02,O01306,P001,2,4999
OI01306_03,O01306,P015,2,14999
OI01306_04,O01306,P002,1,6999
OI01307_01,O01307,P044,1,1099
OI01307_02,O01307,P046,1,3499
OI01307_03,O01307,P008,1,3499
OI01307_04,O01307,P032,1,22999
OI01308_01,O01308,P008,1,3499
OI01308_02,O01308,P024,3,699
OI01308_03,O01308,P006,1,1999
OI01309_01,O01309,P044,1,1099
OI01309_02,O01309,P028,3,15999
OI01310_01,O01310,P023,2,799
OI01310_02,O01310,P007,3,5999
OI01310_03,O01310,P018,2,19999
OI01311_01,O01311,P001,1,4999
OI01312_01,O01312,P025,3,1299
OI01312_02,O01312,P029,2,12999
OI01313_01,O01313,P010,1,17999
OI01313_02,O01313,P006,1,1999
OI01313_03,O01313,P021,2,4499
OI01314_01,O01314,P045,2,18999
OI01314_02,O01314,P027,1,10999
OI01314_03,O01314,P039,3,16999
OI01314_04,O01314,P041,1,2499
OI01315_01,O01315,P035,3,999
OI01315_02,O01315,P015,3,14999
OI01315_03,O01315,P025,2,1299
OI01315_04,O01315,P006,3,1999
OI01316_01,O01316,P045,1,18999
OI01316_02,O01316,P006,2,1999
OI01317_01,O01317,P024,3,699
OI01318_01,O01318,P023,2,799
OI01319_01,O01319,P010,1,17999
OI01319_02,O01319,P036,1,1599
OI01319_03,O01319,P027,1,10999
OI01319_04,O01319,P016,3,7499
OI01320_01,O01320,P025,1,1299
OI01320_02,O01320,P047,3,7999
OI01321_01,O01321,P043,3,1499
OI01322_01,O01322,P002,2,6999
OI01322_02,O01322,P010,1,17999
OI01323_01,O01323,P010,3,17999
OI01323_02,O01323,P049,1,29999
OI01323_03,O01323,P012,3,1799
OI01323_04,O01323,P031,3,7999
OI01324_01,O01324,P047,3,7999
OI01324_02,O01324,P022,1,10999
OI01324_03,O01324,P029,2,12999
OI01324_04,O01324,P042,1,7999
OI01325_01,O01325,P039,1,16999
OI01326_01,O01326,P044,2,1099
OI01326_02,O01326,P030,3,14999
OI01326_03,O01326,P036,3,1599
OI01326_04,O01326,P046,2,3499
OI01327_01,O01327,P018,3,19999
OI01327_02,O01327,P006,2,1999
OI01328_01,O01328,P015,2,14999
OI01329_01,O01329,P045,2,18999
OI01330_01,O01330,P025,3,1299
OI01330_02,O01330,P011,2,2999
OI01330_03,O01330,P004,1,12999
OI01330_04,O01330,P024,2,699
OI01331_01,O01331,P002,1,6999
OI01331_02,O01331,P016,3,7499
OI01331_03,O01331,P019,1,3999
OI01332_01,O01332,P013,1,21999
OI01332_02,O01332,P036,1,1599
OI01332_03,O01332,P041,2,2499
OI01333_01,O01333,P003,2,2499
OI01333_02,O01333,P004,1,12999
OI01333_03,O01333,P021,2,4499
OI01333_04,O01333,P006,2,1999
OI01334_01,O01334,P047,3,7999
OI01334_02,O01334,P023,1,799
OI01334_03,O01334,P009,2,11999
OI01334_04,O01334,P045,2,18999
OI01335_01,O01335,P002,2,6999
OI01335_02,O01335,P038,2,5499
OI01336_01,O01336,P011,2,2999
OI01336_02,O01336,P010,1,17999
OI01336_03,O01336,P044,3,1099
OI01337_01,O01337,P044,1,1099
OI01337_02,O01337,P042,3,7999
OI01338_01,O01338,P029,2,12999
OI01338_02,O01338,P009,2,11999
OI01338_03,O01338,P022,3,10999
OI01339_01,O01339,P016,1,7499
OI01339_02,O01339,P014,1,8499
OI01339_03,O01339,P040,3,18999
OI01339_04,O01339,P039,3,16999
OI01340_01,O01340,P050,3,899
OI01340_02,O01340,P020,1,2499
OI01341_01,O01341,P019,1,3999
OI01341_02,O01341,P011,2,2999
OI01342_01,O01342,P012,3,1799
OI01343_01,O01343,P017,1,6499
OI01343_02,O01343,P049,1,29999
OI01343_03,O01343,P029,3,12999
OI01343_04,O01343,P042,2,7999
OI01344_01,O01344,P027,2,10999
OI01344_02,O01344,P040,2,18999
OI01344_03,O01344,P044,3,1099
OI01344_04,O01344,P009,3,11999
OI01345_01,O01345,P033,1,8999
OI01345_02,O01345,P029,3,12999
OI01345_03,O01345,P017,3,6499
OI01345_04,O01345,P044,1,1099
OI01346_01,O01346,P010,1,17999
OI01347_01,O01347,P005,3,8999
OI01347_02,O01347,P015,1,14999
OI01347_03,O01347,P025,2,1299
OI01347_04,O01347,P030,2,14999
OI01348_01,O01348,P007,1,5999
OI01348_02,O01348,P006,2,1999
OI01348_03,O01348,P012,2,1799
OI01348_04,O01348,P047,1,7999
OI01349_01,O01349,P039,3,16999
OI01349_02,O01349,P032,3,22999
OI01349_03,O01349,P014,2,8499
OI01350_01,O01350,P031,3,7999
OI01350_02,O01350,P010,1,17999
OI01351_01,O01351,P004,1,12999
OI01351_02,O01351,P024,1,699
OI01351_03,O01351,P028,1,15999
OI01351_04,O01351,P031,1,7999
OI01352_01,O01352,P041,1,2499
OI01352_02,O01352,P012,1,1799
OI01352_03,O01352,P006,2,1999
OI01353_01,O01353,P027,2,10999
OI01353_02,O01353,P034,1,13999
OI01353_03,O01353,P014,1,8499
OI01353_04,O01353,P043,1,1499
OI01354_01,O01354,P011,2,2999
OI01354_02,O01354,P013,2,21999
OI01354_03,O01354,P023,2,799
OI01355_01,O01355,P023,1,799
OI01355_02,O01355,P045,3,18999
OI01355_03,O01355,P037,3,1299
OI01355_04,O01355,P025,1,1299
OI01356_01,O01356,P021,3,4499
OI01356_02,O01356,P043,3,1499
OI01357_01,O01357,P030,2,14999
OI01357_02,O01357,P010,2,17999
OI01358_01,O01358,P017,2,6499
OI01358_02,O01358,P034,1,13999
OI01358_03,O01358,P047,3,7999
OI01358_04,O01358,P001,2,4999
OI01359_01,O01359,P048,2,5499
OI01359_02,O01359,P013,3,21999
OI01360_01,O01360,P014,3,8499
OI01360_02,O01360,P023,1,799
OI01360_03,O01360,P013,2,21999
OI01360_04,O01360,P044,2,1099
OI01361_01,O01361,P045,2,18999
OI01362_01,O01362,P023,3,799
OI01362_02,O01362,P035,2,999
OI01362_03,O01362,P028,1,15999
OI01363_01,O01363,P036,1,1599
OI01363_02,O01363,P039,3,16999
OI01364_01,O01364,P041,1,2499
OI01364_02,O01364,P019,1,3999
OI01364_03,O01364,P045,1,18999
OI01364_04,O01364,P040,1,18999
OI01365_01,O01365,P007,3,5999
OI01365_02,O01365,P032,3,22999
OI01365_03,O01365,P048,1,5499
OI01365_04,O01365,P049,3,29999
OI01366_01,O01366,P043,2,1499
OI01367_01,O01367,P036,2,1599
OI01367_02,O01367,P025,1,1299
OI01367_03,O01367,P008,2,3499
OI01367_04,O01367,P013,2,21999
OI01368_01,O01368,P001,2,4999
OI01368_02,O01368,P024,2,699
OI01368_03,O01368,P015,3,14999
OI01368_04,O01368,P033,2,8999
OI01369_01,O01369,P044,1,1099
OI01369_02,O01369,P016,1,7499
OI01369_03,O01369,P001,1,4999
OI01369_04,O01369,P027,1,10999
OI01370_01,O01370,P022,2,10999
OI01370_02,O01370,P011,1,2999
OI01370_03,O01370,P037,3,1299
OI01371_01,O01371,P004,3,12999
OI01371_02,O01371,P037,2,1299
OI01371_03,O01371,P028,3,15999
OI01371_04,O01371,P009,1,11999
OI01372_01,O01372,P028,1,15999
OI01372_02,O01372,P015,3,14999
OI01373_01,O01373,P049,1,29999
OI01373_02,O01373,P041,2,2499
OI01373_03,O01373,P017,1,6499
OI01373_04,O01373,P036,1,1599
OI01374_01,O01374,P002,3,6999
OI01374_02,O01374,P040,3,18999
OI01375_01,O01375,P030,3,14999
OI01375_02,O01375,P041,2,2499
OI01376_01,O01376,P020,3,2499
OI01376_02,O01376,P013,1,21999
OI01377_01,O01377,P050,2,899
OI01377_02,O01377,P017,1,6499
OI01377_03,O01377,P043,1,1499
OI01377_04,O01377,P004,3,12999
OI01378_01,O01378,P008,2,3499
OI01379_01,O01379,P017,1,6499
OI01379_02,O01379,P012,2,1799
OI01379_03,O01379,P006,2,1999
OI01380_01,O01380,P027,1,10999
OI01381_01,O01381,P025,1,1299
OI01381_02,O01381,P021,1,4499
OI01381_03,O01381,P041,2,2499
OI01381_04,O01381,P029,1,12999
OI01382_01,O01382,P008,2,3499
OI01383_01,O01383,P011,3,2999
OI01384_01,O01384,P039,3,16999
OI01384_02,O01384,P002,1,6999
OI01385_01,O01385,P024,1,699
OI01385_02,O01385,P008,1,3499
OI01386_01,O01386,P018,1,19999
OI01386_02,O01386,P031,1,7999
OI01387_01,O01387,P030,2,14999
OI01387_02,O01387,P048,3,5499
OI01387_03,O01387,P032,2,22999
OI01388_01,O01388,P026,3,6999
OI01388_02,O01388,P007,2,5999
OI01388_03,O01388,P038,1,5499
OI01389_01,O01389,P028,2,15999
OI01389_02,O01389,P039,3,16999
OI01389_03,O01389,P048,1,5499
OI01389_04,O01389,P018,3,19999
OI01390_01,O01390,P024,2,699
OI01390_02,O01390,P041,1,2499
OI01390_03,O01390,P005,1,8999
OI01391_01,O01391,P039,2,16999
OI01391_02,O01391,P042,2,7999
OI01391_03,O01391,P034,1,13999
OI01392_01,O01392,P012,1,1799
OI01392_02,O01392,P023,3,799
OI01392_03,O01392,P016,2,7499
OI01392_04,O01392,P005,2,8999
OI01393_01,O01393,P021,3,4499
OI01394_01,O01394,P037,1,1299
OI01394_02,O01394,P021,2,4499
OI01394_03,O01394,P015,2,14999
OI01394_04,O01394,P036,3,1599
OI01395_01,O01395,P046,1,3499
OI01395_02,O01395,P039,3,16999
OI01395_03,O01395,P043,3,1499
OI01396_01,O01396,P021,2,4499
OI01396_02,O01396,P013,2,21999
OI01396_03,O01396,P004,1,12999
OI01397_01,O01397,P011,2,2999
OI01397_02,O01397,P039,1,16999
OI01397_03,O01397,P021,3,4499
OI01397_04,O01397,P038,1,5499
OI01398_01,O01398,P030,2,14999
OI01399_01,O01399,P035,3,999
OI01400_01,O01400,P031,1,7999
OI01401_01,O01401,P049,1,29999
OI01401_02,O01401,P023,3,799
OI01401_03,O01401,P026,2,6999
OI01402_01,O01402,P045,3,18999
OI01402_02,O01402,P030,1,14999
OI01402_03,O01402,P032,2,22999
OI01403_01,O01403,P001,1,4999
OI01404_01,O01404,P015,3,14999
OI01404_02,O01404,P011,2,2999
OI01404_03,O01404,P006,3,1999
OI01404_04,O01404,P013,1,21999
OI01405_01,O01405,P008,1,3499
OI01406_01,O01406,P018,3,19999
OI01406_02,O01406,P045,2,18999
OI01406_03,O01406,P011,1,2999
OI01406_04,O01406,P009,1,11999
OI01407_01,O01407,P041,3,2499
OI01407_02,O01407,P029,3,12999
OI01407_03,O01407,P043,1,1499
OI01407_04,O01407,P008,3,3499
OI01408_01,O01408,P021,2,4499
OI01408_02,O01408,P050,1,899
OI01408_03,O01408,P047,1,7999
OI01409_01,O01409,P023,3,799
OI01410_01,O01410,P045,1,18999
OI01410_02,O01410,P005,2,8999
OI01411_01,O01411,P030,1,14999
OI01411_02,O01411,P025,2,1299
OI01412_01,O01412,P049,2,29999
OI01412_02,O01412,P020,3,2499
OI01412_03,O01412,P046,1,3499
OI01413_01,O01413,P024,2,699
OI01413_02,O01413,P025,3,1299
OI01414_01,O01414,P005,2,8999
OI01414_02,O01414,P018,1,19999
OI01415_01,O01415,P010,2,17999
OI01416_01,O01416,P030,1,14999
OI01417_01,O01417,P023,1,799
OI01417_02,O01417,P017,2,6499
OI01417_03,O01417,P008,2,3499
OI01417_04,O01417,P036,1,1599
OI01418_01,O01418,P004,2,12999
OI01418_02,O01418,P029,1,12999
OI01418_03,O01418,P018,1,19999
OI01419_01,O01419,P013,3,21999
OI01419_02,O01419,P019,2,3999
OI01419_03,O01419,P026,3,6999
OI01419_04,O01419,P012,3,1799
OI01420_01,O01420,P042,1,7999
OI01421_01,O01421,P037,2,1299
OI01422_01,O01422,P015,3,14999
OI01422_02,O01422,P040,2,18999
OI01422_03,O01422,P045,2,18999
OI01423_01,O01423,P032,1,22999
OI01423_02,O01423,P014,2,8499
OI01423_03,O01423,P011,3,2999
OI01424_01,O01424,P007,1,5999
OI01425_01,O01425,P048,1,5499
OI01425_02,O01425,P020,2,2499
OI01425_03,O01425,P045,3,18999
OI01425_04,O01425,P016,1,7499
OI01426_01,O01426,P010,2,17999
OI01426_02,O01426,P001,2,4999
OI01426_03,O01426,P043,1,1499
OI01426_04,O01426,P031,1,7999
OI01427_01,O01427,P039,2,16999
OI01428_01,O01428,P031,1,7999
OI01428_02,O01428,P008,1,3499
OI01429_01,O01429,P034,1,13999
OI01429_02,O01429,P033,1,8999
OI01430_01,O01430,P029,2,12999
OI01430_02,O01430,P032,3,22999
OI01430_03,O01430,P048,2,5499
OI01431_01,O01431,P001,2,4999
OI01431_02,O01431,P023,3,799
OI01431_03,O01431,P020,3,2499
OI01431_04,O01431,P046,3,3499
OI01432_01,O01432,P010,2,17999
OI01433_01,O01433,P032,3,22999
OI01433_02,O01433,P002,3,6999
OI01433_03,O01433,P016,3,7499
OI01434_01,O01434,P013,2,21999
OI01435_01,O01435,P034,2,13999
OI01435_02,O01435,P012,2,1799
OI01435_03,O01435,P017,2,6499
OI01435_04,O01435,P044,3,1099
OI01436_01,O01436,P013,3,21999
OI01436_02,O01436,P003,3,2499
OI01436_03,O01436,P038,2,5499
OI01437_01,O01437,P037,1,1299
OI01437_02,O01437,P023,2,799
OI01437_03,O01437,P019,3,3999
OI01437_04,O01437,P008,1,3499
OI01438_01,O01438,P040,1,18999
OI01438_02,O01438,P036,2,1599
OI01438_03,O01438,P043,2,1499
OI01439_01,O01439,P030,1,14999
OI01440_01,O01440,P004,2,12999
OI01441_01,O01441,P004,2,12999
OI01442_01,O01442,P006,2,1999
OI01442_02,O01442,P046,1,3499
OI01443_01,O01443,P019,1,3999
OI01444_01,O01444,P044,2,1099
OI01444_02,O01444,P041,2,2499
OI01445_01,O01445,P020,3,2499
OI01445_02,O01445,P039,2,16999
OI01445_03,O01445,P012,3,1799
OI01446_01,O01446,P017,2,6499
OI01446_02,O01446,P009,3,11999
OI01447_01,O01447,P037,3,1299
OI01447_02,O01447,P041,1,2499
OI01447_03,O01447,P030,2,14999
OI01448_01,O01448,P045,3,18999
OI01448_02,O01448,P021,2,4499
OI01448_03,O01448,P033,2,8999
OI01448_04,O01448,P044,2,1099
OI01449_01,O01449,P030,2,14999
OI01449_02,O01449,P002,1,6999
OI01449_03,O01449,P036,1,1599
OI01449_04,O01449,P050,3,899
OI01450_01,O01450,P009,3,11999
OI01450_02,O01450,P040,2,18999
OI01450_03,O01450,P035,1,999
OI01451_01,O01451,P043,3,1499
OI01451_02,O01451,P001,2,4999
OI01451_03,O01451,P030,1,14999
OI01451_04,O01451,P049,1,29999
OI01452_01,O01452,P022,3,10999
OI01453_01,O01453,P045,3,18999
OI01453_02,O01453,P022,3,10999
OI01453_03,O01453,P004,3,12999
OI01453_04,O01453,P008,3,3499
OI01454_01,O01454,P034,3,13999
OI01454_02,O01454,P010,3,17999
OI01455_01,O01455,P020,2,2499
OI01455_02,O01455,P041,3,2499
OI01456_01,O01456,P008,1,3499
OI01456_02,O01456,P005,1,8999
OI01457_01,O01457,P016,1,7499
OI01458_01,O01458,P026,2,6999
OI01458_02,O01458,P004,2,12999
OI01458_03,O01458,P008,1,3499
OI01458_04,O01458,P020,1,2499
OI01459_01,O01459,P043,1,1499
OI01459_02,O01459,P040,3,18999
OI01459_03,O01459,P008,1,3499
OI01459_04,O01459,P028,1,15999
OI01460_01,O01460,P011,3,2999
OI01460_02,O01460,P033,3,8999
OI01461_01,O01461,P019,3,3999
OI01461_02,O01461,P043,2,1499
OI01461_03,O01461,P007,2,5999
OI01462_01,O01462,P030,2,14999
OI01463_01,O01463,P008,3,3499
OI01463_02,O01463,P037,2,1299
OI01463_03,O01463,P025,1,1299
OI01463_04,O01463,P001,3,4999
OI01464_01,O01464,P003,3,2499
OI01464_02,O01464,P023,2,799
OI01464_03,O01464,P009,2,11999
OI01464_04,O01464,P030,1,14999
OI01465_01,O01465,P023,3,799
OI01465_02,O01465,P046,2,3499
OI01466_01,O01466,P023,3,799
OI01466_02,O01466,P042,3,7999
OI01467_01,O01467,P018,3,19999
OI01467_02,O01467,P049,2,29999
OI01468_01,O01468,P025,1,1299
OI01468_02,O01468,P031,3,7999
OI01468_03,O01468,P039,3,16999
OI01468_04,O01468,P043,3,1499
OI01469_01,O01469,P045,3,18999
OI01469_02,O01469,P021,3,4499
OI01470_01,O01470,P005,1,8999
OI01470_02,O01470,P003,1,2499
OI01470_03,O01470,P002,1,6999
OI01470_04,O01470,P047,3,7999
OI01471_01,O01471,P021,3,4499
OI01471_02,O01471,P049,1,29999
OI01471_03,O01471,P015,1,14999
OI01471_04,O01471,P050,1,899
OI01472_01,O01472,P005,1,8999
OI01472_02,O01472,P004,1,12999
OI01472_03,O01472,P040,3,18999
OI01472_04,O01472,P017,1,6499
OI01473_01,O01473,P012,2,1799
OI01474_01,O01474,P041,3,2499
OI01474_02,O01474,P037,1,1299
OI01475_01,O01475,P015,1,14999
OI01475_02,O01475,P013,2,21999
OI01475_03,O01475,P048,3,5499
OI01476_01,O01476,P014,1,8499
OI01477_01,O01477,P037,1,1299
OI01477_02,O01477,P035,3,999
OI01477_03,O01477,P005,3,8999
OI01477_04,O01477,P022,3,10999
OI01478_01,O01478,P037,3,1299
OI01478_02,O01478,P031,2,7999
OI01479_01,O01479,P005,2,8999
OI01479_02,O01479,P029,3,12999
OI01480_01,O01480,P009,3,11999
OI01481_01,O01481,P004,3,12999
OI01481_02,O01481,P039,2,16999
OI01482_01,O01482,P017,2,6499
OI01482_02,O01482,P025,1,1299
OI01482_03,O01482,P046,1,3499
OI01483_01,O01483,P034,3,13999
OI01483_02,O01483,P040,2,18999
OI01484_01,O01484,P038,2,5499
OI01485_01,O01485,P027,2,10999
OI01485_02,O01485,P017,1,6499
OI01485_03,O01485,P013,1,21999
OI01486_01,O01486,P049,1,29999
OI01486_02,O01486,P043,2,1499
OI01486_03,O01486,P004,1,12999
OI01487_01,O01487,P023,1,799
OI01488_01,O01488,P036,2,1599
OI01489_01,O01489,P003,2,2499
OI01490_01,O01490,P031,1,7999
OI01490_02,O01490,P020,1,2499
OI01490_03,O01490,P015,1,14999
OI01490_04,O01490,P002,3,6999
OI01491_01,O01491,P036,2,1599
OI01492_01,O01492,P028,2,15999
OI01492_02,O01492,P045,3,18999
OI01493_01,O01493,P023,2,799
OI01493_02,O01493,P013,1,21999
OI01493_03,O01493,P022,1,10999
OI01494_01,O01494,P027,3,10999
OI01494_02,O01494,P048,3,5499
OI01495_01,O01495,P004,1,12999
OI01495_02,O01495,P005,1,8999
OI01496_01,O01496,P023,1,799
OI01496_02,O01496,P039,2,16999
OI01496_03,O01496,P042,1,7999
OI01497_01,O01497,P043,1,1499
OI01498_01,O01498,P032,3,22999
OI01498_02,O01498,P046,2,3499
OI01499_01,O01499,P050,3,899
OI01499_02,O01499,P036,1,1599
OI01499_03,O01499,P019,3,3999
OI01500_01,O01500,P004,2,12999
OI01501_01,O01501,P018,3,19999
OI01501_02,O01501,P006,1,1999
OI01501_03,O01501,P014,2,8499
OI01501_04,O01501,P009,3,11999
OI01502_01,O01502,P003,3,2499
OI01502_02,O01502,P016,2,7499
OI01503_01,O01503,P002,2,6999
OI01504_01,O01504,P020,3,2499
OI01504_02,O01504,P006,2,1999
OI01504_03,O01504,P004,2,12999
OI01504_04,O01504,P018,1,19999
OI01505_01,O01505,P014,1,8499
OI01505_02,O01505,P025,3,1299
OI01506_01,O01506,P003,2,2499
OI01506_02,O01506,P035,1,999
OI01506_03,O01506,P049,3,29999
OI01507_01,O01507,P049,1,29999
OI01507_02,O01507,P038,2,5499
OI01507_03,O01507,P014,3,8499
OI01508_01,O01508,P007,3,5999
OI01509_01,O01509,P035,3,999
OI01509_02,O01509,P030,3,14999
OI01509_03,O01509,P028,3,15999
OI01510_01,O01510,P030,1,14999
OI01510_02,O01510,P048,2,5499
OI01510_03,O01510,P016,3,7499
OI01510_04,O01510,P009,2,11999
OI01511_01,O01511,P022,1,10999
OI01511_02,O01511,P037,3,1299
OI01511_03,O01511,P026,2,6999
OI01512_01,O01512,P008,2,3499
OI01513_01,O01513,P012,1,1799
OI01513_02,O01513,P029,2,12999
OI01513_03,O01513,P030,1,14999
OI01514_01,O01514,P041,1,2499
OI01514_02,O01514,P036,3,1599
OI01514_03,O01514,P014,1,8499
OI01514_04,O01514,P027,2,10999
OI01515_01,O01515,P029,1,12999
OI01516_01,O01516,P032,3,22999
OI01516_02,O01516,P009,1,11999
OI01516_03,O01516,P015,1,14999
OI01517_01,O01517,P042,1,7999
OI01518_01,O01518,P038,3,5499
OI01518_02,O01518,P021,1,4499
OI01518_03,O01518,P003,1,2499
OI01518_04,O01518,P036,3,1599
OI01519_01,O01519,P035,3,999
OI01519_02,O01519,P046,1,3499
OI01519_03,O01519,P003,2,2499
OI01520_01,O01520,P033,1,8999
OI01521_01,O01521,P044,3,1099
OI01521_02,O01521,P027,2,10999
OI01521_03,O01521,P005,2,8999
OI01522_01,O01522,P022,2,10999
OI01522_02,O01522,P027,2,10999
OI01522_03,O01522,P042,2,7999
OI01523_01,O01523,P019,1,3999
OI01524_01,O01524,P021,3,4499
OI01524_02,O01524,P033,3,8999
OI01525_01,O01525,P014,1,8499
OI01525_02,O01525,P025,3,1299
OI01525_03,O01525,P038,3,5499
OI01526_01,O01526,P005,1,8999
OI01527_01,O01527,P035,1,999
OI01527_02,O01527,P047,3,7999
OI01527_03,O01527,P008,2,3499
OI01527_04,O01527,P034,3,13999
OI01528_01,O01528,P013,1,21999
OI01528_02,O01528,P037,2,1299
OI01528_03,O01528,P019,1,3999
OI01529_01,O01529,P048,1,5499
OI01529_02,O01529,P008,2,3499
OI01529_03,O01529,P045,3,18999
OI01530_01,O01530,P024,3,699
OI01531_01,O01531,P015,1,14999
OI01531_02,O01531,P037,2,1299
OI01531_03,O01531,P009,3,11999
OI01531_04,O01531,P035,3,999
OI01532_01,O01532,P022,1,10999
OI01532_02,O01532,P021,2,4499
OI01532_03,O01532,P008,2,3499
OI01533_01,O01533,P012,1,1799
OI01533_02,O01533,P030,1,14999
OI01534_01,O01534,P048,2,5499
OI01534_02,O01534,P007,1,5999
OI01534_03,O01534,P009,3,11999
OI01534_04,O01534,P003,1,2499
OI01535_01,O01535,P028,3,15999
OI01535_02,O01535,P023,3,799
OI01535_03,O01535,P009,1,11999
OI01535_04,O01535,P026,3,6999
OI01536_01,O01536,P038,1,5499
OI01536_02,O01536,P039,3,16999
OI01536_03,O01536,P040,1,18999
OI01537_01,O01537,P027,2,10999
OI01537_02,O01537,P041,2,2499
OI01537_03,O01537,P029,2,12999
OI01537_04,O01537,P048,3,5499
OI01538_01,O01538,P010,1,17999
OI01539_01,O01539,P025,3,1299
OI01539_02,O01539,P021,3,4499
OI01539_03,O01539,P029,3,12999
OI01539_04,O01539,P012,2,1799
OI01540_01,O01540,P022,3,10999
OI01540_02,O01540,P004,3,12999
OI01540_03,O01540,P037,3,1299
OI01540_04,O01540,P034,2,13999
OI01541_01,O01541,P010,3,17999
OI01541_02,O01541,P003,3,2499
OI01542_01,O01542,P007,1,5999
OI01542_02,O01542,P023,1,799
OI01542_03,O01542,P019,2,3999
OI01543_01,O01543,P019,3,3999
OI01543_02,O01543,P017,1,6499
OI01544_01,O01544,P014,3,8499
OI01545_01,O01545,P035,3,999
OI01546_01,O01546,P024,1,699
OI01547_01,O01547,P047,2,7999
OI01547_02,O01547,P029,2,12999
OI01547_03,O01547,P034,1,13999
OI01547_04,O01547,P009,3,11999
OI01548_01,O01548,P028,1,15999
OI01548_02,O01548,P032,2,22999
OI01548_03,O01548,P017,3,6499
OI01548_04,O01548,P006,3,1999
OI01549_01,O01549,P047,2,7999
OI01549_02,O01549,P005,1,8999
OI01550_01,O01550,P046,3,3499
OI01551_01,O01551,P007,1,5999
OI01551_02,O01551,P046,3,3499
OI01551_03,O01551,P034,3,13999
OI01551_04,O01551,P021,3,4499
OI01552_01,O01552,P016,1,7499
OI01553_01,O01553,P044,2,1099
OI01553_02,O01553,P013,2,21999
OI01554_01,O01554,P019,1,3999
OI01554_02,O01554,P009,3,11999
OI01554_03,O01554,P013,3,21999
OI01554_04,O01554,P041,3,2499
OI01555_01,O01555,P036,1,1599
OI01555_02,O01555,P040,1,18999
OI01555_03,O01555,P014,2,8499
OI01555_04,O01555,P046,3,3499
OI01556_01,O01556,P041,2,2499
OI01556_02,O01556,P023,3,799
OI01557_01,O01557,P019,2,3999
OI01557_02,O01557,P043,2,1499
OI01558_01,O01558,P019,2,3999
OI01558_02,O01558,P007,2,5999
OI01558_03,O01558,P015,2,14999
OI01558_04,O01558,P008,2,3499
OI01559_01,O01559,P030,3,14999
OI01559_02,O01559,P021,1,4499
OI01560_01,O01560,P050,2,899
OI01560_02,O01560,P031,3,7999
OI01561_01,O01561,P018,2,19999
OI01561_02,O01561,P033,1,8999
OI01561_03,O01561,P014,3,8499
OI01562_01,O01562,P027,2,10999
OI01562_02,O01562,P026,2,6999
OI01562_03,O01562,P029,2,12999
OI01563_01,O01563,P022,1,10999
OI01563_02,O01563,P041,2,2499
OI01564_01,O01564,P035,3,999
OI01564_02,O01564,P014,1,8499
OI01565_01,O01565,P047,1,7999
OI01566_01,O01566,P023,1,799
OI01566_02,O01566,P050,3,899
OI01566_03,O01566,P036,1,1599
OI01567_01,O01567,P011,2,2999
OI01567_02,O01567,P035,3,999
OI01568_01,O01568,P022,3,10999
OI01568_02,O01568,P027,3,10999
OI01568_03,O01568,P014,1,8499
OI01569_01,O01569,P033,2,8999
OI01570_01,O01570,P002,3,6999
OI01570_02,O01570,P015,1,14999
OI01570_03,O01570,P041,1,2499
OI01571_01,O01571,P042,2,7999
OI01571_02,O01571,P026,1,6999
OI01571_03,O01571,P009,1,11999
OI01571_04,O01571,P048,1,5499
OI01572_01,O01572,P002,3,6999
OI01572_02,O01572,P001,1,4999
OI01572_03,O01572,P048,1,5499
OI01572_04,O01572,P035,3,999
OI01573_01,O01573,P021,3,4499
OI01573_02,O01573,P028,1,15999
OI01573_03,O01573,P033,2,8999
OI01574_01,O01574,P042,2,7999
OI01574_02,O01574,P037,2,1299
OI01574_03,O01574,P031,2,7999
OI01575_01,O01575,P031,3,7999
OI01575_02,O01575,P019,3,3999
OI01575_03,O01575,P045,1,18999
OI01576_01,O01576,P024,1,699
OI01576_02,O01576,P049,2,29999
OI01576_03,O01576,P035,1,999
OI01576_04,O01576,P046,3,3499
OI01577_01,O01577,P024,3,699
OI01577_02,O01577,P031,2,7999
OI01577_03,O01577,P037,2,1299
OI01577_04,O01577,P007,1,5999
OI01578_01,O01578,P014,3,8499
OI01578_02,O01578,P032,1,22999
OI01579_01,O01579,P034,1,13999
OI01579_02,O01579,P047,1,7999
OI01579_03,O01579,P037,2,1299
OI01579_04,O01579,P049,2,29999
OI01580_01,O01580,P003,3,2499
OI01580_02,O01580,P021,3,4499
OI01581_01,O01581,P045,3,18999
OI01581_02,O01581,P014,2,8499
OI01581_03,O01581,P049,3,29999
OI01582_01,O01582,P021,3,4499
OI01582_02,O01582,P030,2,14999
OI01583_01,O01583,P007,2,5999
OI01584_01,O01584,P011,3,2999
OI01585_01,O01585,P008,1,3499
OI01585_02,O01585,P003,3,2499
OI01585_03,O01585,P028,3,15999
OI01585_04,O01585,P032,2,22999
OI01586_01,O01586,P026,2,6999
OI01586_02,O01586,P001,2,4999
OI01586_03,O01586,P019,3,3999
OI01586_04,O01586,P008,3,3499
OI01587_01,O01587,P037,1,1299
OI01587_02,O01587,P042,2,7999
OI01587_03,O01587,P011,3,2999
OI01588_01,O01588,P034,2,13999
OI01588_02,O01588,P039,2,16999
OI01588_03,O01588,P017,1,6499
OI01589_01,O01589,P011,3,2999
OI01589_02,O01589,P034,2,13999
OI01590_01,O01590,P031,1,7999
OI01590_02,O01590,P005,2,8999
OI01591_01,O01591,P035,2,999
OI01592_01,O01592,P039,3,16999
OI01592_02,O01592,P011,3,2999
OI01592_03,O01592,P005,1,8999
OI01592_04,O01592,P023,2,799
OI01593_01,O01593,P019,3,3999
OI01593_02,O01593,P028,2,15999
OI01593_03,O01593,P038,2,5499
OI01594_01,O01594,P036,3,1599
OI01594_02,O01594,P035,1,999
OI01594_03,O01594,P042,1,7999
OI01595_01,O01595,P018,2,19999
OI01595_02,O01595,P012,3,1799
OI01596_01,O01596,P022,3,10999
OI01596_02,O01596,P037,2,1299
OI01596_03,O01596,P050,3,899
OI01596_04,O01596,P038,3,5499
OI01597_01,O01597,P001,1,4999
OI01597_02,O01597,P015,1,14999
OI01598_01,O01598,P001,1,4999
OI01598_02,O01598,P021,3,4499
OI01598_03,O01598,P005,2,8999
OI01598_04,O01598,P004,2,12999
OI01599_01,O01599,P016,3,7499
OI01600_01,O01600,P023,3,799
OI01600_02,O01600,P020,1,2499
OI01600_03,O01600,P034,3,13999
OI01600_04,O01600,P021,1,4499
OI01601_01,O01601,P046,3,3499
OI01601_02,O01601,P010,2,17999
OI01601_03,O01601,P028,2,15999
OI01602_01,O01602,P036,2,1599
OI01603_01,O01603,P030,2,14999
OI01603_02,O01603,P050,3,899
OI01603_03,O01603,P043,2,1499
OI01604_01,O01604,P025,1,1299
OI01604_02,O01604,P024,3,699
OI01605_01,O01605,P001,2,4999
OI01605_02,O01605,P038,2,5499
OI01606_01,O01606,P033,2,8999
OI01606_02,O01606,P001,1,4999
OI01606_03,O01606,P039,3,16999
OI01607_01,O01607,P045,3,18999
OI01608_01,O01608,P046,2,3499
OI01609_01,O01609,P031,3,7999
OI01609_02,O01609,P048,3,5499
OI01610_01,O01610,P046,1,3499
OI01610_02,O01610,P048,1,5499
OI01611_01,O01611,P004,2,12999
OI01612_01,O01612,P035,2,999
OI01613_01,O01613,P022,3,10999
OI01614_01,O01614,P034,2,13999
OI01614_02,O01614,P001,2,4999
OI01614_03,O01614,P043,3,1499
OI01615_01,O01615,P047,1,7999
OI01615_02,O01615,P018,1,19999
OI01616_01,O01616,P045,2,18999
OI01616_02,O01616,P033,1,8999
OI01617_01,O01617,P020,2,2499
OI01618_01,O01618,P037,1,1299
OI01618_02,O01618,P045,1,18999
OI01618_03,O01618,P006,1,1999
OI01618_04,O01618,P030,1,14999
OI01619_01,O01619,P050,1,899
OI01620_01,O01620,P006,3,1999
OI01620_02,O01620,P047,3,7999
OI01620_03,O01620,P016,1,7499
OI01620_04,O01620,P020,3,2499
OI01621_01,O01621,P025,3,1299
OI01622_01,O01622,P027,2,10999
OI01622_02,O01622,P015,1,14999
OI01622_03,O01622,P013,1,21999
OI01623_01,O01623,P006,3,1999
OI01623_02,O01623,P032,2,22999
OI01623_03,O01623,P023,2,799
OI01624_01,O01624,P003,2,2499
OI01624_02,O01624,P038,1,5499
OI01625_01,O01625,P023,1,799
OI01625_02,O01625,P042,2,7999
OI01625_03,O01625,P044,3,1099
OI01625_04,O01625,P019,3,3999
OI01626_01,O01626,P006,1,1999
OI01626_02,O01626,P033,2,8999
OI01626_03,O01626,P050,1,899
OI01627_01,O01627,P034,3,13999
OI01628_01,O01628,P038,2,5499
OI01628_02,O01628,P021,3,4499
OI01628_03,O01628,P024,3,699
OI01628_04,O01628,P037,1,1299
OI01629_01,O01629,P001,2,4999
OI01629_02,O01629,P011,2,2999
OI01629_03,O01629,P027,2,10999
OI01630_01,O01630,P020,3,2499
OI01630_02,O01630,P011,1,2999
OI01630_03,O01630,P030,1,14999
OI01631_01,O01631,P047,2,7999
OI01631_02,O01631,P026,3,6999
OI01631_03,O01631,P031,2,7999
OI01631_04,O01631,P016,3,7499
OI01632_01,O01632,P003,3,2499
OI01632_02,O01632,P015,1,14999
OI01632_03,O01632,P049,2,29999
OI01633_01,O01633,P038,1,5499
OI01633_02,O01633,P002,2,6999
OI01633_03,O01633,P011,3,2999
OI01633_04,O01633,P033,3,8999
OI01634_01,O01634,P009,2,11999
OI01634_02,O01634,P043,1,1499
OI01635_01,O01635,P023,2,799
OI01635_02,O01635,P030,1,14999
OI01636_01,O01636,P012,2,1799
OI01636_02,O01636,P020,1,2499
OI01637_01,O01637,P006,3,1999
OI01637_02,O01637,P047,3,7999
OI01637_03,O01637,P016,2,7499
OI01637_04,O01637,P010,1,17999
OI01638_01,O01638,P036,1,1599
OI01638_02,O01638,P044,2,1099
OI01638_03,O01638,P026,3,6999
OI01638_04,O01638,P045,2,18999
OI01639_01,O01639,P025,1,1299
OI01640_01,O01640,P050,3,899
OI01640_02,O01640,P021,2,4499
OI01640_03,O01640,P019,3,3999
OI01640_04,O01640,P044,2,1099
OI01641_01,O01641,P015,3,14999
OI01642_01,O01642,P022,3,10999
OI01642_02,O01642,P033,3,8999
OI01642_03,O01642,P001,2,4999
OI01643_01,O01643,P013,2,21999
OI01643_02,O01643,P003,1,2499
OI01643_03,O01643,P014,2,8499
OI01643_04,O01643,P020,2,2499
OI01644_01,O01644,P020,2,2499
OI01644_02,O01644,P025,1,1299
OI01644_03,O01644,P044,2,1099
OI01645_01,O01645,P030,1,14999
OI01646_01,O01646,P001,3,4999
OI01646_02,O01646,P011,3,2999
OI01646_03,O01646,P021,2,4499
OI01646_04,O01646,P009,3,11999
OI01647_01,O01647,P028,2,15999
OI01647_02,O01647,P050,2,899
OI01647_03,O01647,P004,3,12999
OI01647_04,O01647,P020,3,2499
OI01648_01,O01648,P033,3,8999
OI01648_02,O01648,P024,2,699
OI01648_03,O01648,P050,3,899
OI01648_04,O01648,P031,2,7999
OI01649_01,O01649,P035,1,999
OI01649_02,O01649,P049,1,29999
OI01649_03,O01649,P025,1,1299
OI01649_04,O01649,P044,2,1099
OI01650_01,O01650,P028,1,15999
OI01650_02,O01650,P004,1,12999
OI01650_03,O01650,P030,2,14999
OI01650_04,O01650,P019,2,3999
OI01651_01,O01651,P017,3,6499
OI01651_02,O01651,P028,2,15999
OI01651_03,O01651,P022,1,10999
OI01652_01,O01652,P027,2,10999
OI01652_02,O01652,P002,2,6999
OI01652_03,O01652,P029,3,12999
OI01653_01,O01653,P035,3,999
OI01654_01,O01654,P009,3,11999
OI01655_01,O01655,P023,3,799
OI01655_02,O01655,P030,1,14999
OI01655_03,O01655,P045,3,18999
OI01656_01,O01656,P021,2,4499
OI01657_01,O01657,P025,3,1299
OI01658_01,O01658,P028,1,15999
OI01658_02,O01658,P026,3,6999
OI01658_03,O01658,P002,2,6999
OI01659_01,O01659,P028,1,15999
OI01660_01,O01660,P040,1,18999
OI01660_02,O01660,P033,3,8999
OI01660_03,O01660,P035,1,999
OI01661_01,O01661,P018,1,19999
OI01661_02,O01661,P048,2,5499
OI01661_03,O01661,P045,3,18999
OI01661_04,O01661,P050,3,899
OI01662_01,O01662,P044,2,1099
OI01662_02,O01662,P019,1,3999
OI01663_01,O01663,P043,3,1499
OI01663_02,O01663,P009,3,11999
OI01663_03,O01663,P018,2,19999
OI01663_04,O01663,P030,1,14999
OI01664_01,O01664,P015,2,14999
OI01664_02,O01664,P005,3,8999
OI01664_03,O01664,P040,3,18999
OI01665_01,O01665,P041,2,2499
OI01665_02,O01665,P039,2,16999
OI01665_03,O01665,P022,3,10999
OI01665_04,O01665,P035,1,999
OI01666_01,O01666,P010,1,17999
OI01666_02,O01666,P030,3,14999
OI01666_03,O01666,P048,3,5499
OI01666_04,O01666,P032,1,22999
OI01667_01,O01667,P043,3,1499
OI01668_01,O01668,P006,3,1999
OI01668_02,O01668,P014,2,8499
OI01668_03,O01668,P048,2,5499
OI01669_01,O01669,P002,1,6999
OI01669_02,O01669,P010,3,17999
OI01669_03,O01669,P040,2,18999
OI01669_04,O01669,P038,3,5499
OI01670_01,O01670,P049,2,29999
OI01671_01,O01671,P025,1,1299
OI01671_02,O01671,P035,2,999
OI01672_01,O01672,P026,1,6999
OI01673_01,O01673,P011,3,2999
OI01673_02,O01673,P050,2,899
OI01674_01,O01674,P027,2,10999
OI01674_02,O01674,P039,2,16999
OI01675_01,O01675,P033,1,8999
OI01675_02,O01675,P035,2,999
OI01675_03,O01675,P026,2,6999
OI01676_01,O01676,P011,1,2999
OI01676_02,O01676,P012,3,1799
OI01676_03,O01676,P026,2,6999
OI01676_04,O01676,P019,2,3999
OI01677_01,O01677,P025,3,1299
OI01678_01,O01678,P013,1,21999
OI01678_02,O01678,P041,1,2499
OI01678_03,O01678,P002,3,6999
OI01678_04,O01678,P040,3,18999
OI01679_01,O01679,P002,1,6999
OI01679_02,O01679,P021,3,4499
OI01679_03,O01679,P040,3,18999
OI01679_04,O01679,P016,2,7499
OI01680_01,O01680,P048,3,5499
OI01681_01,O01681,P011,2,2999
OI01681_02,O01681,P030,3,14999
OI01682_01,O01682,P021,2,4499
OI01682_02,O01682,P009,1,11999
OI01683_01,O01683,P016,1,7499
OI01683_02,O01683,P044,1,1099
OI01683_03,O01683,P039,2,16999
OI01683_04,O01683,P029,3,12999
OI01684_01,O01684,P011,3,2999
OI01684_02,O01684,P016,1,7499
OI01684_03,O01684,P030,1,14999
OI01685_01,O01685,P034,2,13999
OI01685_02,O01685,P031,2,7999
OI01685_03,O01685,P025,3,1299
OI01685_04,O01685,P005,3,8999
OI01686_01,O01686,P029,2,12999
OI01687_01,O01687,P047,2,7999
OI01687_02,O01687,P050,3,899
OI01687_03,O01687,P003,3,2499
OI01687_04,O01687,P024,3,699
OI01688_01,O01688,P007,1,5999
OI01689_01,O01689,P047,1,7999
OI01690_01,O01690,P016,1,7499
OI01690_02,O01690,P031,2,7999
OI01691_01,O01691,P030,3,14999
OI01692_01,O01692,P022,2,10999
OI01692_02,O01692,P019,2,3999
OI01692_03,O01692,P045,2,18999
OI01693_01,O01693,P049,1,29999
OI01694_01,O01694,P024,2,699
OI01694_02,O01694,P037,3,1299
OI01695_01,O01695,P037,2,1299
OI01695_02,O01695,P041,2,2499
OI01696_01,O01696,P048,1,5499
OI01696_02,O01696,P045,1,18999
OI01697_01,O01697,P041,1,2499
OI01697_02,O01697,P015,3,14999
OI01697_03,O01697,P002,2,6999
OI01698_01,O01698,P047,3,7999
OI01698_02,O01698,P033,2,8999
OI01698_03,O01698,P048,2,5499
OI01699_01,O01699,P042,3,7999
OI01699_02,O01699,P010,2,17999
OI01699_03,O01699,P038,3,5499
OI01700_01,O01700,P042,1,7999
OI01700_02,O01700,P011,2,2999
OI01700_03,O01700,P034,2,13999
OI01700_04,O01700,P031,1,7999
OI01701_01,O01701,P020,1,2499
OI01701_02,O01701,P014,1,8499
OI01702_01,O01702,P042,1,7999
OI01703_01,O01703,P048,3,5499
OI01704_01,O01704,P026,3,6999
OI01705_01,O01705,P036,3,1599
OI01705_02,O01705,P035,1,999
OI01705_03,O01705,P048,1,5499
OI01706_01,O01706,P017,1,6499
OI01706_02,O01706,P048,3,5499
OI01707_01,O01707,P012,3,1799
OI01707_02,O01707,P003,2,2499
OI01707_03,O01707,P039,1,16999
OI01707_04,O01707,P018,3,19999
OI01708_01,O01708,P009,3,11999
OI01709_01,O01709,P038,3,5499
OI01709_02,O01709,P049,2,29999
OI01710_01,O01710,P021,3,4499
OI01711_01,O01711,P006,3,1999
OI01711_02,O01711,P031,3,7999
OI01711_03,O01711,P013,1,21999
OI01711_04,O01711,P007,3,5999
OI01712_01,O01712,P008,3,3499
OI01712_02,O01712,P047,1,7999
OI01712_03,O01712,P029,3,12999
OI01712_04,O01712,P050,3,899
OI01713_01,O01713,P017,2,6499
OI01714_01,O01714,P022,2,10999
OI01714_02,O01714,P033,3,8999
OI01715_01,O01715,P022,3,10999
OI01715_02,O01715,P018,3,19999
OI01716_01,O01716,P049,1,29999
OI01717_01,O01717,P032,2,22999
OI01717_02,O01717,P011,3,2999
OI01717_03,O01717,P012,2,1799
OI01717_04,O01717,P005,1,8999
OI01718_01,O01718,P013,1,21999
OI01718_02,O01718,P050,1,899
OI01719_01,O01719,P050,1,899
OI01719_02,O01719,P034,3,13999
OI01719_03,O01719,P031,2,7999
OI01720_01,O01720,P021,1,4499
OI01720_02,O01720,P011,2,2999
OI01721_01,O01721,P021,2,4499
OI01721_02,O01721,P034,3,13999
OI01722_01,O01722,P015,2,14999
OI01722_02,O01722,P017,2,6499
OI01722_03,O01722,P031,1,7999
OI01723_01,O01723,P029,3,12999
OI01723_02,O01723,P020,2,2499
OI01723_03,O01723,P028,2,15999
OI01724_01,O01724,P027,2,10999
OI01725_01,O01725,P050,1,899
OI01725_02,O01725,P018,1,19999
OI01725_03,O01725,P002,3,6999
OI01725_04,O01725,P046,3,3499
OI01726_01,O01726,P021,2,4499
OI01727_01,O01727,P014,3,8499
OI01727_02,O01727,P040,2,18999
OI01728_01,O01728,P021,2,4499
OI01728_02,O01728,P047,3,7999
OI01729_01,O01729,P050,3,899
OI01730_01,O01730,P016,2,7499
OI01730_02,O01730,P018,1,19999
OI01730_03,O01730,P039,1,16999
OI01730_04,O01730,P038,1,5499
OI01731_01,O01731,P029,2,12999
OI01731_02,O01731,P019,1,3999
OI01731_03,O01731,P008,3,3499
OI01732_01,O01732,P010,1,17999
OI01732_02,O01732,P038,3,5499
OI01732_03,O01732,P020,1,2499
OI01732_04,O01732,P037,2,1299
OI01733_01,O01733,P036,3,1599
OI01733_02,O01733,P034,1,13999
OI01733_03,O01733,P019,1,3999
OI01734_01,O01734,P024,3,699
OI01734_02,O01734,P050,1,899
OI01734_03,O01734,P029,1,12999
OI01735_01,O01735,P022,3,10999
OI01735_02,O01735,P013,2,21999
OI01735_03,O01735,P044,2,1099
OI01736_01,O01736,P008,2,3499
OI01736_02,O01736,P042,2,7999
OI01737_01,O01737,P034,1,13999
OI01738_01,O01738,P003,2,2499
OI01738_02,O01738,P033,2,8999
OI01738_03,O01738,P021,3,4499
OI01738_04,O01738,P035,2,999
OI01739_01,O01739,P036,1,1599
OI01740_01,O01740,P037,2,1299
OI01741_01,O01741,P050,3,899
OI01742_01,O01742,P048,1,5499
OI01742_02,O01742,P010,1,17999
OI01742_03,O01742,P042,3,7999
OI01742_04,O01742,P022,3,10999
OI01743_01,O01743,P002,1,6999
OI01743_02,O01743,P026,3,6999
OI01743_03,O01743,P037,2,1299
OI01743_04,O01743,P019,1,3999
OI01744_01,O01744,P017,3,6499
OI01744_02,O01744,P015,3,14999
OI01745_01,O01745,P050,2,899
OI01745_02,O01745,P037,3,1299
OI01746_01,O01746,P014,1,8499
OI01746_02,O01746,P020,1,2499
OI01747_01,O01747,P050,1,899
OI01748_01,O01748,P021,1,4499
OI01748_02,O01748,P015,1,14999
OI01748_03,O01748,P043,2,1499
OI01749_01,O01749,P014,2,8499
OI01749_02,O01749,P050,1,899
OI01750_01,O01750,P008,3,3499
OI01750_02,O01750,P025,3,1299
OI01750_03,O01750,P002,1,6999
OI01750_04,O01750,P029,2,12999
OI01751_01,O01751,P014,2,8499
OI01751_02,O01751,P050,3,899
OI01752_01,O01752,P011,1,2999
OI01753_01,O01753,P048,1,5499
OI01753_02,O01753,P021,1,4499
OI01753_03,O01753,P027,1,10999
OI01754_01,O01754,P030,1,14999
OI01755_01,O01755,P007,1,5999
OI01755_02,O01755,P023,2,799
OI01755_03,O01755,P024,3,699
OI01755_04,O01755,P020,2,2499
OI01756_01,O01756,P031,3,7999
OI01756_02,O01756,P002,2,6999
OI01756_03,O01756,P018,1,19999
OI01756_04,O01756,P047,1,7999
OI01757_01,O01757,P034,1,13999
OI01757_02,O01757,P010,3,17999
OI01758_01,O01758,P048,2,5499
OI01758_02,O01758,P043,2,1499
OI01759_01,O01759,P012,3,1799
OI01759_02,O01759,P034,1,13999
OI01759_03,O01759,P010,2,17999
OI01759_04,O01759,P048,1,5499
OI01760_01,O01760,P026,2,6999
OI01760_02,O01760,P041,3,2499
OI01760_03,O01760,P024,2,699
OI01761_01,O01761,P031,1,7999
OI01762_01,O01762,P003,3,2499
OI01762_02,O01762,P035,3,999
OI01762_03,O01762,P025,3,1299
OI01762_04,O01762,P049,1,29999
OI01763_01,O01763,P006,1,1999
OI01763_02,O01763,P027,1,10999
OI01764_01,O01764,P009,2,11999
OI01764_02,O01764,P039,2,16999
OI01764_03,O01764,P041,2,2499
OI01764_04,O01764,P001,2,4999
OI01765_01,O01765,P040,1,18999
OI01765_02,O01765,P043,2,1499
OI01765_03,O01765,P046,2,3499
OI01766_01,O01766,P009,3,11999
OI01766_02,O01766,P015,1,14999
OI01767_01,O01767,P046,2,3499
OI01768_01,O01768,P015,1,14999
OI01768_02,O01768,P017,3,6499
OI01769_01,O01769,P043,2,1499
OI01769_02,O01769,P038,1,5499
OI01769_03,O01769,P034,2,13999
OI01769_04,O01769,P037,2,1299
OI01770_01,O01770,P048,2,5499
OI01771_01,O01771,P001,3,4999
OI01771_02,O01771,P010,1,17999
OI01772_01,O01772,P037,2,1299
OI01773_01,O01773,P029,2,12999
OI01773_02,O01773,P014,3,8499
OI01773_03,O01773,P030,2,14999
OI01773_04,O01773,P040,1,18999
OI01774_01,O01774,P022,2,10999
OI01774_02,O01774,P012,2,1799
OI01774_03,O01774,P017,3,6499
OI01775_01,O01775,P049,1,29999
OI01775_02,O01775,P034,2,13999
OI01775_03,O01775,P017,2,6499
OI01776_01,O01776,P007,2,5999
OI01776_02,O01776,P015,1,14999
OI01777_01,O01777,P023,2,799
OI01777_02,O01777,P020,2,2499
OI01778_01,O01778,P026,1,6999
OI01778_02,O01778,P033,1,8999
OI01779_01,O01779,P047,2,7999
OI01779_02,O01779,P048,3,5499
OI01780_01,O01780,P035,2,999
OI01781_01,O01781,P024,1,699
OI01781_02,O01781,P011,3,2999
OI01782_01,O01782,P049,1,29999
OI01782_02,O01782,P046,3,3499
OI01783_01,O01783,P004,2,12999
OI01783_02,O01783,P026,3,6999
OI01783_03,O01783,P019,2,3999
OI01784_01,O01784,P001,3,4999
OI01784_02,O01784,P005,3,8999
OI01784_03,O01784,P017,3,6499
OI01785_01,O01785,P004,2,12999
OI01786_01,O01786,P049,2,29999
OI01786_02,O01786,P016,1,7499
OI01787_01,O01787,P016,1,7499
OI01787_02,O01787,P023,1,799
OI01788_01,O01788,P047,3,7999
OI01789_01,O01789,P029,3,12999
OI01789_02,O01789,P010,2,17999
OI01790_01,O01790,P034,2,13999
OI01791_01,O01791,P015,1,14999
OI01791_02,O01791,P043,3,1499
OI01791_03,O01791,P029,3,12999
OI01791_04,O01791,P020,3,2499
OI01792_01,O01792,P018,2,19999
OI01792_02,O01792,P003,1,2499
OI01792_03,O01792,P025,3,1299
OI01793_01,O01793,P049,1,29999
OI01793_02,O01793,P019,1,3999
OI01793_03,O01793,P015,3,14999
OI01793_04,O01793,P034,3,13999
OI01794_01,O01794,P045,3,18999
OI01794_02,O01794,P028,1,15999
OI01794_03,O01794,P027,2,10999
OI01794_04,O01794,P004,3,12999
OI01795_01,O01795,P027,2,10999
OI01795_02,O01795,P043,1,1499
OI01795_03,O01795,P017,1,6499
OI01796_01,O01796,P038,1,5499
OI01796_02,O01796,P032,3,22999
OI01797_01,O01797,P036,3,1599
OI01797_02,O01797,P039,3,16999
OI01797_03,O01797,P037,3,1299
OI01797_04,O01797,P025,2,1299
OI01798_01,O01798,P037,1,1299
OI01799_01,O01799,P026,2,6999
OI01799_02,O01799,P046,3,3499
OI01799_03,O01799,P048,2,5499
OI01799_04,O01799,P003,2,2499
OI01800_01,O01800,P041,3,2499
OI01800_02,O01800,P048,1,5499
OI01800_03,O01800,P050,1,899
OI01800_04,O01800,P028,3,15999
OI01801_01,O01801,P007,1,5999
OI01801_02,O01801,P019,3,3999
OI01801_03,O01801,P027,2,10999
OI01802_01,O01802,P023,2,799
OI01802_02,O01802,P016,1,7499
OI01802_03,O01802,P018,2,19999
OI01803_01,O01803,P050,3,899
OI01803_02,O01803,P011,3,2999
OI01803_03,O01803,P014,3,8499
OI01804_01,O01804,P050,1,899
OI01804_02,O01804,P012,2,1799
OI01804_03,O01804,P032,2,22999
OI01805_01,O01805,P021,1,4499
OI01805_02,O01805,P020,3,2499
OI01806_01,O01806,P041,1,2499
OI01806_02,O01806,P012,2,1799
OI01806_03,O01806,P049,3,29999
OI01806_04,O01806,P025,2,1299
OI01807_01,O01807,P049,1,29999
OI01807_02,O01807,P011,1,2999
OI01807_03,O01807,P021,1,4499
OI01808_01,O01808,P049,1,29999
OI01808_02,O01808,P036,2,1599
OI01808_03,O01808,P035,3,999
OI01809_01,O01809,P046,3,3499
OI01810_01,O01810,P046,3,3499
OI01810_02,O01810,P022,2,10999
OI01811_01,O01811,P048,2,5499
OI01812_01,O01812,P015,1,14999
OI01812_02,O01812,P029,3,12999
OI01812_03,O01812,P003,1,2499
OI01813_01,O01813,P045,1,18999
OI01813_02,O01813,P015,1,14999
OI01814_01,O01814,P001,1,4999
OI01814_02,O01814,P019,1,3999
OI01815_01,O01815,P036,1,1599
OI01815_02,O01815,P037,3,1299
OI01815_03,O01815,P013,3,21999
OI01815_04,O01815,P027,2,10999
OI01816_01,O01816,P048,2,5499
OI01816_02,O01816,P017,2,6499
OI01816_03,O01816,P046,2,3499
OI01816_04,O01816,P024,2,699
OI01817_01,O01817,P045,1,18999
OI01818_01,O01818,P035,1,999
OI01818_02,O01818,P038,1,5499
OI01819_01,O01819,P007,3,5999
OI01819_02,O01819,P039,2,16999
OI01819_03,O01819,P015,3,14999
OI01820_01,O01820,P030,3,14999
OI01820_02,O01820,P018,1,19999
OI01821_01,O01821,P005,2,8999
OI01821_02,O01821,P011,3,2999
OI01821_03,O01821,P002,3,6999
OI01821_04,O01821,P036,1,1599
OI01822_01,O01822,P005,2,8999
OI01822_02,O01822,P044,1,1099
OI01823_01,O01823,P046,3,3499
OI01824_01,O01824,P026,3,6999
OI01824_02,O01824,P014,2,8499
OI01825_01,O01825,P022,3,10999
OI01825_02,O01825,P015,2,14999
OI01825_03,O01825,P037,1,1299
OI01826_01,O01826,P001,3,4999
OI01826_02,O01826,P040,2,18999
OI01826_03,O01826,P004,3,12999
OI01827_01,O01827,P034,2,13999
OI01828_01,O01828,P039,1,16999
OI01828_02,O01828,P050,1,899
OI01829_01,O01829,P022,1,10999
OI01830_01,O01830,P027,1,10999
OI01830_02,O01830,P025,2,1299
OI01830_03,O01830,P045,1,18999
OI01830_04,O01830,P031,1,7999
OI01831_01,O01831,P017,2,6499
OI01831_02,O01831,P032,2,22999
OI01831_03,O01831,P006,1,1999
OI01831_04,O01831,P012,1,1799
OI01832_01,O01832,P029,3,12999
OI01832_02,O01832,P049,2,29999
OI01832_03,O01832,P007,1,5999
OI01833_01,O01833,P044,2,1099
OI01834_01,O01834,P001,2,4999
OI01835_01,O01835,P005,3,8999
OI01835_02,O01835,P012,3,1799
OI01835_03,O01835,P013,2,21999
OI01836_01,O01836,P007,3,5999
OI01836_02,O01836,P044,2,1099
OI01836_03,O01836,P010,3,17999
OI01837_01,O01837,P033,2,8999
OI01837_02,O01837,P010,1,17999
OI01838_01,O01838,P020,2,2499
OI01839_01,O01839,P007,1,5999
OI01839_02,O01839,P032,3,22999
OI01840_01,O01840,P043,1,1499
OI01840_02,O01840,P036,3,1599
OI01840_03,O01840,P025,3,1299
OI01840_04,O01840,P029,1,12999
OI01841_01,O01841,P032,2,22999
OI01841_02,O01841,P013,1,21999
OI01842_01,O01842,P043,1,1499
OI01842_02,O01842,P046,3,3499
OI01842_03,O01842,P049,1,29999
OI01842_04,O01842,P038,3,5499
OI01843_01,O01843,P049,2,29999
OI01843_02,O01843,P035,2,999
OI01843_03,O01843,P042,1,7999
OI01843_04,O01843,P013,2,21999
OI01844_01,O01844,P026,2,6999
OI01844_02,O01844,P028,1,15999
OI01844_03,O01844,P025,2,1299
OI01844_04,O01844,P006,1,1999
OI01845_01,O01845,P020,3,2499
OI01845_02,O01845,P032,3,22999
OI01845_03,O01845,P050,1,899
OI01845_04,O01845,P019,3,3999
OI01846_01,O01846,P038,3,5499
OI01846_02,O01846,P048,1,5499
OI01846_03,O01846,P037,3,1299
OI01847_01,O01847,P004,2,12999
OI01848_01,O01848,P044,2,1099
OI01849_01,O01849,P033,3,8999
OI01849_02,O01849,P024,3,699
OI01850_01,O01850,P012,1,1799
OI01850_02,O01850,P015,3,14999
OI01850_03,O01850,P046,1,3499
OI01850_04,O01850,P021,2,4499
OI01851_01,O01851,P003,2,2499
OI01852_01,O01852,P001,2,4999
OI01852_02,O01852,P016,1,7499
OI01852_03,O01852,P043,2,1499
OI01853_01,O01853,P003,3,2499
OI01853_02,O01853,P010,3,17999
OI01853_03,O01853,P039,2,16999
OI01853_04,O01853,P016,2,7499
OI01854_01,O01854,P014,2,8499
OI01854_02,O01854,P042,2,7999
OI01854_03,O01854,P048,3,5499
OI01855_01,O01855,P018,2,19999
OI01855_02,O01855,P013,3,21999
OI01855_03,O01855,P050,1,899
OI01855_04,O01855,P032,3,22999
OI01856_01,O01856,P009,1,11999
OI01856_02,O01856,P043,3,1499
OI01856_03,O01856,P045,1,18999
OI01856_04,O01856,P015,1,14999
OI01857_01,O01857,P012,3,1799
OI01858_01,O01858,P044,2,1099
OI01858_02,O01858,P046,2,3499
OI01858_03,O01858,P045,3,18999
OI01859_01,O01859,P007,2,5999
OI01859_02,O01859,P049,1,29999
OI01859_03,O01859,P008,1,3499
OI01860_01,O01860,P034,2,13999
OI01860_02,O01860,P003,2,2499
OI01861_01,O01861,P012,1,1799
OI01861_02,O01861,P006,1,1999
OI01861_03,O01861,P049,2,29999
OI01861_04,O01861,P045,3,18999
OI01862_01,O01862,P039,3,16999
OI01862_02,O01862,P050,1,899
OI01862_03,O01862,P003,1,2499
OI01862_04,O01862,P043,3,1499
OI01863_01,O01863,P022,1,10999
OI01863_02,O01863,P017,2,6499
OI01864_01,O01864,P026,2,6999
OI01865_01,O01865,P015,1,14999
OI01866_01,O01866,P002,3,6999
OI01866_02,O01866,P029,3,12999
OI01866_03,O01866,P005,2,8999
OI01866_04,O01866,P016,3,7499
OI01867_01,O01867,P004,1,12999
OI01867_02,O01867,P008,2,3499
OI01867_03,O01867,P044,3,1099
OI01868_01,O01868,P047,2,7999
OI01868_02,O01868,P021,1,4499
OI01869_01,O01869,P001,1,4999
OI01869_02,O01869,P025,3,1299
OI01870_01,O01870,P015,3,14999
OI01871_01,O01871,P042,2,7999
OI01872_01,O01872,P029,2,12999
OI01872_02,O01872,P048,3,5499
OI01872_03,O01872,P016,2,7499
OI01872_04,O01872,P044,2,1099
OI01873_01,O01873,P030,2,14999
OI01873_02,O01873,P035,1,999
OI01874_01,O01874,P025,1,1299
OI01874_02,O01874,P017,2,6499
OI01875_01,O01875,P010,2,17999
OI01875_02,O01875,P003,3,2499
OI01875_03,O01875,P030,3,14999
OI01876_01,O01876,P014,2,8499
OI01876_02,O01876,P026,2,6999
OI01876_03,O01876,P027,3,10999
OI01877_01,O01877,P024,2,699
OI01877_02,O01877,P022,1,10999
OI01877_03,O01877,P021,3,4499
OI01877_04,O01877,P043,3,1499
OI01878_01,O01878,P037,3,1299
OI01878_02,O01878,P013,3,21999
OI01879_01,O01879,P024,2,699
OI01879_02,O01879,P042,1,7999
OI01879_03,O01879,P020,2,2499
OI01879_04,O01879,P014,1,8499
OI01880_01,O01880,P004,3,12999
OI01880_02,O01880,P013,1,21999
OI01880_03,O01880,P014,3,8499
OI01880_04,O01880,P022,2,10999
OI01881_01,O01881,P002,3,6999
OI01881_02,O01881,P045,3,18999
OI01881_03,O01881,P014,1,8499
OI01881_04,O01881,P025,2,1299
OI01882_01,O01882,P042,3,7999
OI01882_02,O01882,P026,1,6999
OI01883_01,O01883,P048,2,5499
OI01883_02,O01883,P009,2,11999
OI01884_01,O01884,P044,1,1099
OI01885_01,O01885,P022,1,10999
OI01886_01,O01886,P048,1,5499
OI01886_02,O01886,P010,2,17999
OI01887_01,O01887,P038,2,5499
OI01887_02,O01887,P029,3,12999
OI01887_03,O01887,P031,1,7999
OI01888_01,O01888,P010,2,17999
OI01888_02,O01888,P011,1,2999
OI01889_01,O01889,P036,2,1599
OI01889_02,O01889,P041,3,2499
OI01890_01,O01890,P008,1,3499
OI01890_02,O01890,P043,2,1499
OI01891_01,O01891,P031,1,7999
OI01891_02,O01891,P025,3,1299
OI01891_03,O01891,P011,3,2999
OI01891_04,O01891,P050,2,899
OI01892_01,O01892,P002,2,6999
OI01892_02,O01892,P032,2,22999
OI01892_03,O01892,P043,1,1499
OI01892_04,O01892,P037,2,1299
OI01893_01,O01893,P044,1,1099
OI01893_02,O01893,P026,3,6999
OI01893_03,O01893,P010,1,17999
OI01894_01,O01894,P023,3,799
OI01895_01,O01895,P011,3,2999
OI01895_02,O01895,P024,2,699
OI01895_03,O01895,P017,3,6499
OI01895_04,O01895,P013,1,21999
OI01896_01,O01896,P042,1,7999
OI01897_01,O01897,P022,3,10999
OI01897_02,O01897,P003,2,2499
OI01897_03,O01897,P018,3,19999
OI01897_04,O01897,P048,1,5499
OI01898_01,O01898,P048,3,5499
OI01899_01,O01899,P025,2,1299
OI01899_02,O01899,P003,3,2499
OI01899_03,O01899,P045,2,18999
OI01899_04,O01899,P044,2,1099
OI01900_01,O01900,P027,2,10999
OI01900_02,O01900,P046,3,3499
OI01900_03,O01900,P022,2,10999
OI01900_04,O01900,P009,3,11999
OI01901_01,O01901,P029,3,12999
OI01902_01,O01902,P033,1,8999
OI01902_02,O01902,P008,1,3499
OI01902_03,O01902,P002,1,6999
OI01903_01,O01903,P037,1,1299
OI01903_02,O01903,P016,1,7499
OI01904_01,O01904,P040,3,18999
OI01904_02,O01904,P005,3,8999
OI01904_03,O01904,P010,2,17999
OI01905_01,O01905,P040,1,18999
OI01906_01,O01906,P012,1,1799
OI01907_01,O01907,P014,3,8499
OI01907_02,O01907,P004,1,12999
OI01908_01,O01908,P031,3,7999
OI01908_02,O01908,P013,2,21999
OI01909_01,O01909,P047,1,7999
OI01909_02,O01909,P044,2,1099
OI01909_03,O01909,P038,1,5499
OI01910_01,O01910,P017,3,6499
OI01910_02,O01910,P010,3,17999
OI01911_01,O01911,P013,1,21999
OI01912_01,O01912,P026,3,6999
OI01912_02,O01912,P041,2,2499
OI01913_01,O01913,P014,2,8499
OI01913_02,O01913,P028,3,15999
OI01913_03,O01913,P017,1,6499
OI01914_01,O01914,P019,1,3999
OI01914_02,O01914,P049,1,29999
OI01914_03,O01914,P011,1,2999
OI01915_01,O01915,P040,2,18999
OI01916_01,O01916,P001,2,4999
OI01916_02,O01916,P048,3,5499
OI01916_03,O01916,P044,2,1099
OI01916_04,O01916,P006,3,1999
OI01917_01,O01917,P037,2,1299
OI01918_01,O01918,P048,2,5499
OI01918_02,O01918,P031,2,7999
OI01918_03,O01918,P024,2,699
OI01919_01,O01919,P015,1,14999
OI01919_02,O01919,P038,1,5499
OI01920_01,O01920,P021,1,4499
OI01920_02,O01920,P026,1,6999
OI01920_03,O01920,P030,3,14999
OI01920_04,O01920,P029,2,12999
OI01921_01,O01921,P025,2,1299
OI01921_02,O01921,P041,2,2499
OI01921_03,O01921,P010,1,17999
OI01922_01,O01922,P010,1,17999
OI01922_02,O01922,P038,1,5499
OI01923_01,O01923,P018,1,19999
OI01923_02,O01923,P022,1,10999
OI01924_01,O01924,P015,3,14999
OI01924_02,O01924,P013,3,21999
OI01924_03,O01924,P032,2,22999
OI01925_01,O01925,P032,1,22999
OI01925_02,O01925,P043,2,1499
OI01926_01,O01926,P039,3,16999
OI01926_02,O01926,P019,2,3999
OI01926_03,O01926,P010,1,17999
OI01926_04,O01926,P016,2,7499
OI01927_01,O01927,P022,2,10999
OI01927_02,O01927,P041,3,2499
OI01928_01,O01928,P034,2,13999
OI01928_02,O01928,P019,3,3999
OI01929_01,O01929,P024,2,699
OI01929_02,O01929,P037,1,1299
OI01930_01,O01930,P014,3,8499
OI01930_02,O01930,P021,1,4499
OI01931_01,O01931,P018,2,19999
OI01931_02,O01931,P036,3,1599
OI01931_03,O01931,P022,1,10999
OI01931_04,O01931,P037,1,1299
OI01932_01,O01932,P046,3,3499
OI01932_02,O01932,P038,1,5499
OI01933_01,O01933,P021,3,4499
OI01934_01,O01934,P006,2,1999
OI01934_02,O01934,P034,3,13999
OI01934_03,O01934,P032,3,22999
OI01935_01,O01935,P050,3,899
OI01935_02,O01935,P018,1,19999
OI01936_01,O01936,P016,2,7499
OI01936_02,O01936,P015,2,14999
OI01936_03,O01936,P041,3,2499
OI01936_04,O01936,P001,2,4999
OI01937_01,O01937,P032,3,22999
OI01937_02,O01937,P021,1,4499
OI01937_03,O01937,P039,3,16999
OI01938_01,O01938,P019,3,3999
OI01939_01,O01939,P016,3,7499
OI01939_02,O01939,P025,1,1299
OI01939_03,O01939,P028,2,15999
OI01940_01,O01940,P002,3,6999
OI01941_01,O01941,P030,2,14999
OI01941_02,O01941,P050,3,899
OI01941_03,O01941,P010,2,17999
OI01942_01,O01942,P007,2,5999
OI01942_02,O01942,P018,1,19999
OI01942_03,O01942,P030,3,14999
OI01943_01,O01943,P021,1,4499
OI01943_02,O01943,P002,1,6999
OI01944_01,O01944,P021,2,4499
OI01944_02,O01944,P047,3,7999
OI01945_01,O01945,P026,3,6999
OI01945_02,O01945,P012,1,1799
OI01945_03,O01945,P021,3,4499
OI01946_01,O01946,P033,1,8999
OI01947_01,O01947,P005,3,8999
OI01947_02,O01947,P009,1,11999
OI01947_03,O01947,P010,3,17999
OI01947_04,O01947,P007,1,5999
OI01948_01,O01948,P022,2,10999
OI01948_02,O01948,P006,1,1999
OI01948_03,O01948,P027,2,10999
OI01949_01,O01949,P042,3,7999
OI01949_02,O01949,P026,1,6999
OI01949_03,O01949,P045,1,18999
OI01949_04,O01949,P010,2,17999
OI01950_01,O01950,P015,3,14999
OI01950_02,O01950,P016,3,7499
OI01950_03,O01950,P004,3,12999
OI01951_01,O01951,P031,1,7999
OI01951_02,O01951,P003,1,2499
OI01952_01,O01952,P033,2,8999
OI01952_02,O01952,P021,2,4499
OI01953_01,O01953,P033,2,8999
OI01954_01,O01954,P036,3,1599
OI01954_02,O01954,P005,1,8999
OI01954_03,O01954,P003,1,2499
OI01954_04,O01954,P013,1,21999
OI01955_01,O01955,P038,2,5499
OI01956_01,O01956,P014,3,8499
OI01956_02,O01956,P010,3,17999
OI01956_03,O01956,P035,3,999
OI01956_04,O01956,P001,2,4999
OI01957_01,O01957,P011,2,2999
OI01957_02,O01957,P013,2,21999
OI01957_03,O01957,P049,1,29999
OI01957_04,O01957,P039,2,16999
OI01958_01,O01958,P029,3,12999
OI01958_02,O01958,P002,3,6999
OI01958_03,O01958,P039,3,16999
OI01959_01,O01959,P003,2,2499
OI01960_01,O01960,P013,3,21999
OI01960_02,O01960,P049,3,29999
OI01961_01,O01961,P038,2,5499
OI01961_02,O01961,P020,2,2499
OI01962_01,O01962,P014,2,8499
OI01962_02,O01962,P033,1,8999
OI01962_03,O01962,P002,1,6999
OI01963_01,O01963,P047,2,7999
OI01963_02,O01963,P025,3,1299
OI01963_03,O01963,P021,1,4499
OI01963_04,O01963,P030,2,14999
OI01964_01,O01964,P005,1,8999
OI01964_02,O01964,P040,1,18999
OI01965_01,O01965,P018,1,19999
OI01966_01,O01966,P007,2,5999
OI01966_02,O01966,P004,1,12999
OI01967_01,O01967,P005,3,8999
OI01967_02,O01967,P018,1,19999
OI01967_03,O01967,P027,2,10999
OI01968_01,O01968,P010,1,17999
OI01968_02,O01968,P017,1,6499
OI01968_03,O01968,P030,3,14999
OI01969_01,O01969,P012,3,1799
OI01969_02,O01969,P001,1,4999
OI01969_03,O01969,P008,2,3499
OI01969_04,O01969,P006,3,1999
OI01970_01,O01970,P045,3,18999
OI01971_01,O01971,P014,2,8499
OI01971_02,O01971,P005,3,8999
OI01972_01,O01972,P030,3,14999
OI01972_02,O01972,P027,1,10999
OI01972_03,O01972,P012,3,1799
OI01972_04,O01972,P001,1,4999
OI01973_01,O01973,P047,2,7999
OI01973_02,O01973,P031,1,7999
OI01973_03,O01973,P013,3,21999
OI01974_01,O01974,P001,2,4999
OI01974_02,O01974,P042,3,7999
OI01974_03,O01974,P003,3,2499
OI01974_04,O01974,P037,2,1299
OI01975_01,O01975,P019,2,3999
OI01976_01,O01976,P035,2,999
OI01976_02,O01976,P011,3,2999
OI01976_03,O01976,P024,3,699
OI01976_04,O01976,P043,3,1499
OI01977_01,O01977,P027,2,10999
OI01977_02,O01977,P012,2,1799
OI01977_03,O01977,P038,2,5499
OI01978_01,O01978,P044,2,1099
OI01978_02,O01978,P035,1,999
OI01978_03,O01978,P027,3,10999
OI01978_04,O01978,P024,2,699
OI01979_01,O01979,P029,1,12999
OI01979_02,O01979,P049,1,29999
OI01979_03,O01979,P035,2,999
OI01979_04,O01979,P044,3,1099
OI01980_01,O01980,P037,1,1299
OI01980_02,O01980,P009,3,11999
OI01981_01,O01981,P033,3,8999
OI01982_01,O01982,P017,3,6499
OI01983_01,O01983,P044,2,1099
OI01983_02,O01983,P046,2,3499
OI01984_01,O01984,P036,3,1599
OI01984_02,O01984,P026,2,6999
OI01984_03,O01984,P034,1,13999
OI01985_01,O01985,P015,3,14999
OI01986_01,O01986,P046,3,3499
OI01986_02,O01986,P001,1,4999
OI01987_01,O01987,P016,2,7499
OI01987_02,O01987,P049,1,29999
OI01987_03,O01987,P026,3,6999
OI01988_01,O01988,P002,1,6999
OI01988_02,O01988,P019,1,3999
OI01989_01,O01989,P005,2,8999
OI01990_01,O01990,P043,3,1499
OI01990_02,O01990,P026,3,6999
OI01990_03,O01990,P001,2,4999
OI01991_01,O01991,P028,2,15999
OI01991_02,O01991,P040,3,18999
OI01991_03,O01991,P038,3,5499
OI01992_01,O01992,P032,2,22999
OI01993_01,O01993,P025,1,1299
OI01993_02,O01993,P049,2,29999
OI01993_03,O01993,P035,3,999
OI01993_04,O01993,P050,3,899
OI01994_01,O01994,P002,1,6999
OI01994_02,O01994,P025,2,1299
OI01994_03,O01994,P003,2,2499
OI01994_04,O01994,P032,3,22999
OI01995_01,O01995,P030,2,14999
OI01996_01,O01996,P003,3,2499
OI01996_02,O01996,P021,2,4499
OI01996_03,O01996,P020,1,2499
OI01996_04,O01996,P036,3,1599
OI01997_01,O01997,P038,1,5499
OI01997_02,O01997,P044,3,1099
OI01998_01,O01998,P018,3,19999
OI01998_02,O01998,P045,3,18999
OI01998_03,O01998,P037,3,1299
OI01998_04,O01998,P025,1,1299
OI01999_01,O01999,P012,1,1799
OI01999_02,O01999,P029,2,12999
OI01999_03,O01999,P019,3,3999
OI01999_04,O01999,P011,2,2999
OI02000_01,O02000,P013,2,21999
